Date,Price,Open,High,Low,Volume,Chg%
01-04-2019,3152.6,3169.5,3171,3151,1.13K,-0.66%
02-04-2019,3149,3154.7,3243,3145,0.07K,-0.11%
03-04-2019,3148.9,3146.2,3153.9,3140.2,0.03K,0.00%
04-04-2019,3149.2,3147.1,3150.1,3147.1,0.01K,0.01%
05-04-2019,3172.9,3160,3186.5,3160,0.01K,0.75%
08-04-2019,3218.6,3190,3228.7,3190,9.52K,1.44%
09-04-2019,3220.1,3222.5,3227.4,3212.1,9.91K,0.05%
10-04-2019,3228.1,3216.1,3229.3,3208.6,10.14K,0.25%
11-04-2019,3175,3223.2,3223.2,3173.4,13.29K,-1.64%
12-04-2019,3186.2,3183.8,3198,3180.5,9.29K,0.35%
15-04-2019,3185.6,3180,3187.4,3168,8.11K,-0.02%
16-04-2019,3154.8,3180,3186.5,3152.3,12.40K,-0.97%
17-04-2019,3148,3164.8,3164.8,3145.3,4.87K,-0.22%
18-04-2019,3146.3,3145,3161.6,3140.3,10.01K,-0.05%
22-04-2019,3159.6,3155,3178,3155,8.65K,0.42%
23-04-2019,3156.2,3160.6,3164,3145,10.93K,-0.11%
24-04-2019,3181.8,3150,3183.8,3149.9,9.21K,0.81%
25-04-2019,3191.1,3178.6,3202.5,3170.4,10.58K,0.29%
26-04-2019,3193.9,3198,3199.6,3175.8,10.41K,0.09%
30-04-2019,3175.6,3190.9,3190.9,3170.6,11.06K,-0.57%
01-05-2019,3174,3171.3,3176.4,3165.5,5.40K,-0.05%
02-05-2019,3134.5,3168.1,3168.1,3125,12.94K,-1.24%
03-05-2019,3144.7,3133.1,3147.5,3124,10.87K,0.33%
06-05-2019,3156.3,3150,3165,3147.1,10.05K,0.37%
07-05-2019,3172.9,3158.5,3174.5,3151.7,9.36K,0.53%
08-05-2019,3168.5,3175,3192.5,3166,11.16K,-0.14%
09-05-2019,3191.6,3171.3,3205,3170.8,13.55K,0.73%
10-05-2019,3190.4,3190.6,3200.3,3178.2,10.52K,-0.04%
13-05-2019,3249.8,3198.7,3253.8,3186.2,16.39K,1.86%
14-05-2019,3224.1,3245,3245.4,3223.1,11.40K,-0.79%
15-05-2019,3225.9,3232,3241.9,3215,11.67K,0.06%
16-05-2019,3197.6,3216.2,3230.9,3191.1,12.03K,-0.88%
17-05-2019,3179.1,3198.1,3202.1,3175.5,12.11K,-0.58%
20-05-2019,3153.7,3167.9,3167.9,3137.6,11.14K,-0.80%
21-05-2019,3141.6,3148,3152.4,3137.6,9.62K,-0.38%
22-05-2019,3142.2,3144,3153.8,3139.1,7.56K,0.02%
23-05-2019,3166.7,3134.7,3173.5,3123.2,10.28K,0.78%
24-05-2019,3153,3164.6,3168,3148.3,7.19K,-0.43%
27-05-2019,3161.3,3155.5,3169.5,3155.5,7.07K,0.26%
28-05-2019,3154,3162.1,3169.3,3148.5,9.24K,-0.23%
29-05-2019,3173.3,3163.4,3184.5,3162.2,10.13K,0.61%
30-05-2019,3180.9,3156,3188.4,3153.4,9.55K,0.24%
31-05-2019,3209.8,3182.1,3212.4,3182.1,5.50K,0.91%
03-06-2019,3240.4,3220.7,3245,3216.2,0.40K,0.95%
04-06-2019,3248.2,3237.4,3259.6,3229.9,0.03K,0.24%
05-06-2019,3270,3270,3270,3270,0,0.67%
06-06-2019,3280,3268.8,3283.4,3268.8,8.06K,0.31%
07-06-2019,3293.6,3272.1,3304,3267.2,13.81K,0.41%
10-06-2019,3266,3285,3285,3263,7.92K,-0.84%
11-06-2019,3263.2,3269.2,3270.5,3248.6,9.40K,-0.09%
12-06-2019,3274.5,3267.4,3284.8,3267.4,10.41K,0.35%
13-06-2019,3295.9,3275.8,3298,3272.6,11.16K,0.65%
14-06-2019,3304.5,3298,3334.4,3298,16.80K,0.26%
17-06-2019,3302.1,3305.9,3314,3288.6,12.25K,-0.07%
18-06-2019,3302.4,3304.5,3325.8,3291.5,18.14K,0.01%
19-06-2019,3307.9,3298.5,3311.5,3297.1,11.19K,0.17%
20-06-2019,3402.6,3334,3406.8,3334,22.73K,2.86%
21-06-2019,3416.7,3407,3446.8,3390,22.92K,0.41%
24-06-2019,3444.1,3429,3447.5,3425.4,14.78K,0.80%
25-06-2019,3455.6,3449,3489.3,3439.6,26.63K,0.33%
26-06-2019,3438.7,3446.5,3446.5,3417.6,18.94K,-0.49%
27-06-2019,3417.5,3433.3,3433.3,3403,12.76K,-0.62%
28-06-2019,3420.6,3448.4,3448.4,3415.2,15.20K,0.09%
01-07-2019,3364.3,3413.8,3413.8,3362,18.75K,-1.65%
02-07-2019,3404.2,3369.1,3407,3369.1,13.97K,1.19%
03-07-2019,3424.6,3428,3449.9,3418.8,18.30K,0.60%
04-07-2019,3421.7,3430,3431.5,3412.5,12.11K,-0.08%
05-07-2019,3458.3,3425,3510,3420.5,42.52K,1.07%
08-07-2019,3457.9,3455,3482.8,3451,15.27K,-0.01%
09-07-2019,3458.2,3452.5,3462.6,3434,17.01K,0.01%
10-07-2019,3483.9,3453.2,3488.5,3437,20.29K,0.74%
11-07-2019,3470.1,3493.9,3514.5,3467.5,20.84K,-0.40%
12-07-2019,3490.5,3474.2,3495,3470.8,16.23K,0.59%
15-07-2019,3488.2,3489.7,3496.9,3476.8,13.91K,-0.07%
16-07-2019,3481.2,3488.3,3494.6,3471,20.54K,-0.20%
17-07-2019,3509,3478.7,3513.9,3468.2,17.50K,0.80%
18-07-2019,3515.6,3505,3519.1,3488,17.46K,0.19%
19-07-2019,3503.6,3532.1,3540.9,3500,17.76K,-0.34%
22-07-2019,3513.2,3510.9,3520.6,3505,8.96K,0.27%
23-07-2019,3502.1,3500,3515,3488.6,12.59K,-0.32%
24-07-2019,3502.7,3504.9,3509.4,3492.5,10.48K,0.02%
25-07-2019,3481.7,3500,3511.7,3478,13.43K,-0.60%
26-07-2019,3477.3,3481.9,3497.6,3472.3,10.05K,-0.13%
29-07-2019,3470.9,3475,3483,3467,9.33K,-0.18%
30-07-2019,3452.9,3470.4,3477.3,3429.1,15.64K,-0.52%
31-07-2019,3451.7,3454.3,3466.6,3441.5,8.94K,-0.03%
01-08-2019,3491.6,3429.7,3514.1,3426.5,2.28K,1.16%
02-08-2019,3557.7,3499.7,3564.4,3494.7,0.48K,1.89%
05-08-2019,3651.1,3619.2,3654,3602,0.57K,2.63%
06-08-2019,3749.7,3732.7,3753,3692.1,17.11K,2.70%
07-08-2019,3821.8,3783,3848.8,3761.3,25.09K,1.92%
08-08-2019,3775.7,3799.4,3809,3762.4,15.11K,-1.21%
09-08-2019,3799.2,3797.6,3814.8,3781.5,13.01K,0.62%
12-08-2019,3824.1,3825.7,3834.9,3815.2,5.25K,0.66%
13-08-2019,3777.5,3844.9,3866.6,3734.4,23.67K,-1.22%
14-08-2019,3816.3,3778.8,3834,3769.3,18.59K,1.03%
16-08-2019,3793.8,3814.3,3822,3770.5,14.76K,-0.59%
19-08-2019,3782.3,3773.7,3788.8,3760.5,15.66K,-0.30%
20-08-2019,3800.4,3775,3807.7,3767.8,15.15K,0.48%
21-08-2019,3799.3,3790.3,3804.1,3781.4,12.26K,-0.03%
22-08-2019,3816.5,3795,3822,3791.6,14.09K,0.45%
23-08-2019,3876.5,3805.2,3882.1,3796,19.26K,1.57%
26-08-2019,3882.8,3913.4,3934,3880,19.72K,0.16%
27-08-2019,3904.4,3879.7,3908.4,3871.3,16.11K,0.56%
28-08-2019,3916.5,3894.7,3929,3886.1,15.77K,0.31%
29-08-2019,3880.3,3918,3942.5,3867.5,19.97K,-0.92%
30-08-2019,3865.6,3865,3894.8,3861.1,15.84K,-0.38%
02-09-2019,3908.7,3885.9,3911.9,3884.6,5.78K,1.11%
03-09-2019,3968,3891.5,3974,3889.8,20.76K,1.52%
04-09-2019,3982.3,3965.1,3988.5,3935.8,18.67K,0.36%
05-09-2019,3889.4,3958.2,3962.8,3851.4,22.37K,-2.33%
06-09-2019,3855.3,3880,3897.8,3837.6,22.37K,-0.88%
09-09-2019,3847.2,3855.3,3869.7,3827.2,17.76K,-0.21%
10-09-2019,3825.3,3835.5,3849.5,3820.5,10.77K,-0.57%
11-09-2019,3797.4,3820.7,3825.9,3793,19.75K,-0.73%
12-09-2019,3775,3789.8,3822.8,3766.2,22.44K,-0.59%
13-09-2019,3752.4,3772.8,3789.2,3744.9,15.76K,-0.60%
16-09-2019,3818,3777.4,3821.5,3777.4,14.95K,1.75%
17-09-2019,3801.6,3805,3817.9,3786.1,14.94K,-0.43%
18-09-2019,3784.9,3794.6,3796.5,3773.4,13.06K,-0.44%
19-09-2019,3768.6,3775.6,3778.7,3753.2,13.39K,-0.43%
20-09-2019,3769.7,3771.4,3775,3743.8,12.82K,0.03%
23-09-2019,3792.4,3780,3797.4,3773.1,12.09K,0.60%
24-09-2019,3810.8,3782.5,3819,3777,14.29K,0.49%
25-09-2019,3760.2,3807.2,3819.4,3748.5,15.54K,-1.33%
26-09-2019,3779.4,3768.8,3784.9,3745.2,15.44K,0.51%
27-09-2019,3775,3775.3,3783.6,3731,15.49K,-0.12%
30-09-2019,3691.3,3755,3764,3683.2,8.65K,-2.22%
01-10-2019,3731.1,3700.3,3751.3,3677.1,1.47K,1.08%
03-10-2019,3799,3782.5,3809.9,3773.5,0.13K,1.82%
04-10-2019,3805.5,3792.5,3835,3783.7,0.05K,0.17%
07-10-2019,3812.3,3841,3847,3803.7,11.49K,0.18%
08-10-2019,3838.3,3832,3859.9,3822.5,6.95K,0.68%
09-10-2019,3849.7,3845.1,3857.4,3827.2,12.08K,0.30%
10-10-2019,3815.9,3852.6,3854.5,3807.7,14.45K,-0.88%
11-10-2019,3784.5,3800.2,3835,3769.1,17.31K,-0.82%
14-10-2019,3822.6,3789.4,3828,3777.1,14.54K,1.01%
15-10-2019,3803.6,3823.5,3842.5,3797.2,16.35K,-0.50%
16-10-2019,3821.9,3813.7,3824,3793.7,17.58K,0.48%
17-10-2019,3819.6,3818.1,3823.3,3797.2,14.51K,-0.06%
18-10-2019,3808.9,3814.2,3819.4,3796.5,12.56K,-0.28%
21-10-2019,3789,3801,3809,3786.7,7.97K,-0.52%
22-10-2019,3788.1,3788.3,3795,3782.2,11.33K,-0.02%
23-10-2019,3800.3,3794.4,3809.9,3794.4,10.71K,0.32%
24-10-2019,3835.2,3803.6,3837.2,3799,12.86K,0.92%
25-10-2019,3826.9,3833.2,3861.8,3821.5,15.00K,-0.22%
27-10-2019,3827.5,3831.9,3834,3826,0.97K,0.02%
28-10-2019,3792.2,3828.3,3828.3,3789.5,6.37K,-0.92%
29-10-2019,3791.6,3793.9,3804.5,3780.1,10.85K,-0.02%
30-10-2019,3808.8,3792,3812.9,3789.4,10.37K,0.45%
31-10-2019,3857.8,3810.5,3860.3,3803.7,15.13K,1.29%
01-11-2019,3831,3850,3854.6,3826.5,11.75K,-0.69%
04-11-2019,3847.2,3839.1,3851,3833.1,8.95K,0.42%
05-11-2019,3788.1,3836.9,3839.6,3785.1,16.01K,-1.54%
06-11-2019,3824.7,3790.6,3828.6,3790.6,12.14K,0.97%
07-11-2019,3757.5,3824.5,3824.5,3752,18.90K,-1.76%
08-11-2019,3768.7,3774.7,3786.9,3747.7,15.03K,0.30%
11-11-2019,3768,3768.7,3784.8,3751,11.49K,-0.02%
12-11-2019,3772,3768,3779.3,3752.2,7.61K,0.11%
13-11-2019,3809.7,3778.7,3814.8,3778.1,14.24K,1.00%
14-11-2019,3826.6,3806,3831.8,3805.9,13.32K,0.44%
15-11-2019,3799.4,3823.6,3823.6,3792.1,10.43K,-0.71%
18-11-2019,3822.9,3791.8,3824.7,3779.1,14.48K,0.62%
19-11-2019,3820.5,3823,3823,3792,13.86K,-0.06%
20-11-2019,3815.5,3822,3833,3800.1,14.62K,-0.13%
21-11-2019,3795.3,3815.5,3819.3,3792,11.85K,-0.53%
22-11-2019,3789.5,3792.9,3813.5,3787.1,12.41K,-0.15%
25-11-2019,3772.3,3793.5,3793.5,3770.5,11.46K,-0.45%
26-11-2019,3771.8,3769.6,3777.7,3752,12.28K,-0.01%
27-11-2019,3752.5,3769,3769,3748.2,11.04K,-0.51%
28-11-2019,3772.3,3757.3,3774.8,3754,8.53K,0.53%
29-11-2019,3803.1,3778.2,3811.4,3769.3,5.66K,0.82%
02-12-2019,3795.2,3771.7,3802.8,3710,0.48K,-0.21%
03-12-2019,3825,3793,3876.8,3788,0.05K,0.79%
04-12-2019,3817.6,3833.1,3845,3814,0.07K,-0.19%
05-12-2019,3823.7,3885,3885,3819.2,0.01K,0.16%
06-12-2019,3769.9,3801.1,3811.9,3765.5,12.24K,-1.41%
09-12-2019,3758.3,3767.9,3769.8,3756.3,7.35K,-0.31%
10-12-2019,3757.1,3767.7,3770,3753.4,10.37K,-0.03%
11-12-2019,3769.9,3758,3773.8,3752,9.23K,0.34%
12-12-2019,3754.4,3777,3806.8,3747,19.75K,-0.41%
13-12-2019,3777.3,3746.6,3784,3746.6,16.52K,0.61%
16-12-2019,3787.1,3772.5,3796.7,3772.5,11.17K,0.26%
17-12-2019,3794,3786.9,3798,3784.5,10.38K,0.18%
18-12-2019,3791.2,3795.9,3799.5,3780.2,10.14K,-0.07%
19-12-2019,3810.9,3795.9,3813,3786,10.52K,0.52%
20-12-2019,3799.1,3804,3812,3795.1,9.20K,-0.31%
23-12-2019,3825.7,3804,3828.7,3804,9.44K,0.70%
24-12-2019,3863.9,3833,3866.7,3829.2,10.75K,1.00%
26-12-2019,3888.2,3863.5,3894.8,3863.5,14.26K,0.63%
27-12-2019,3908,3893,3909.5,3878.7,11.85K,0.51%
30-12-2019,3897.1,3906.7,3909,3890.4,10.61K,-0.28%
31-12-2019,3910.8,3905.3,3927,3901.1,11.48K,0.35%
01-01-2020,3906.7,3910.8,3911.3,3895.7,2.81K,-0.10%
02-01-2020,3927.7,3905.1,3940,3904.1,14.13K,0.54%
03-01-2020,4011.2,3950,4014.3,3950,20.36K,2.13%
06-01-2020,4047.2,4025,4109.6,4025,21.49K,0.90%
07-01-2020,4066.3,4035,4069.3,4020.3,16.49K,0.47%
08-01-2020,4011,4094.6,4129.3,3992.2,29.94K,-1.36%
09-01-2020,3983,4003.6,4014.4,3961,18.79K,-0.70%
10-01-2020,3987.1,3971.8,3991.3,3956.8,15.61K,0.10%
13-01-2020,3954.6,3972.2,3980.1,3952.3,13.48K,-0.82%
14-01-2020,3944.7,3950,3953,3926.2,12.16K,-0.25%
15-01-2020,3961.1,3964.6,3970.8,3947.7,10.79K,0.42%
16-01-2020,3968.6,3965.5,3977.5,3958.8,9.42K,0.19%
17-01-2020,3994.6,3973,3998.3,3970.2,10.63K,0.66%
20-01-2020,3994.7,3990,4000,3988,7.12K,0.00%
21-01-2020,3991.1,4009,4017.6,3967.5,14.86K,-0.09%
22-01-2020,3991.3,3981.7,3997.4,3975.2,9.30K,0.01%
23-01-2020,4028.3,3990.4,4031.1,3983.6,12.42K,0.93%
24-01-2020,4035.2,4021.4,4044,3995.1,14.74K,0.17%
27-01-2020,4058.5,4050,4081,4048,13.93K,0.58%
28-01-2020,4024.2,4056.2,4060.8,4015.6,13.19K,-0.85%
29-01-2020,4035,4011.1,4045.8,4006.6,12.11K,0.27%
30-01-2020,4097.5,4048.6,4106.8,4047.2,5.91K,1.55%
31-01-2020,4100,4101.4,4114.5,4057.1,0.98K,0.06%
01-02-2020,4120.6,4103.5,4129.7,4082,3.49K,0.50%
03-02-2020,4066.1,4101.1,4105,4037.1,0.09K,-1.32%
04-02-2020,4030.2,4040.8,4050,4011.2,0.02K,-0.88%
05-02-2020,4017.5,4020.1,4028,4000,0.01K,-0.32%
06-02-2020,4035.1,4008.1,4042.1,4003,11.32K,0.44%
07-02-2020,4064.4,4039.3,4072.4,4030.2,13.03K,0.73%
10-02-2020,4067.9,4056.6,4071.5,4051.4,8.34K,0.09%
11-02-2020,4041,4056.6,4057.7,4030,11.52K,-0.66%
12-02-2020,4048.4,4043.1,4054.9,4030.6,9.98K,0.18%
13-02-2020,4065.6,4055.1,4070,4051.3,9.87K,0.42%
14-02-2020,4097.9,4060.1,4101,4057.3,10.12K,0.79%
17-02-2020,4075.6,4088.9,4092.5,4072,6.98K,-0.54%
18-02-2020,4142,4090,4148,4090,14.83K,1.63%
19-02-2020,4158.6,4140.8,4161.9,4135,13.65K,0.40%
20-02-2020,4203.9,4165.1,4215.8,4150,19.36K,1.09%
21-02-2020,4266.6,4221,4279,4221,13.35K,1.49%
24-02-2020,4358,4293.2,4378.8,4293.2,25.49K,2.14%
25-02-2020,4278.8,4317.6,4317.6,4237.1,26.43K,-1.82%
26-02-2020,4250.4,4253.6,4285.4,4210,19.75K,-0.66%
27-02-2020,4238.5,4264,4297.6,4232.2,20.94K,-0.28%
28-02-2020,4139.7,4267,4274.7,4127.5,34.99K,-2.33%
02-03-2020,4195.6,4173.8,4234.3,4164.6,22.69K,1.35%
03-03-2020,4347.4,4192.7,4351.7,4187.3,26.80K,3.62%
04-03-2020,4356.9,4335.7,4377.8,4329.3,20.04K,0.22%
05-03-2020,4445.8,4350.4,4450.3,4324.3,22.50K,2.04%
06-03-2020,4415.8,4457.4,4496.1,4343.2,35.39K,-0.67%
09-03-2020,4435.3,4457.5,4477.2,4385.1,21.98K,0.44%
10-03-2020,4374,4383.6,4394.1,4353,9.60K,-1.38%
11-03-2020,4335.5,4374.4,4387.5,4327.5,14.84K,-0.88%
12-03-2020,4220.6,4330.2,4363.7,4156.7,28.70K,-2.65%
13-03-2020,4034.8,4175,4207,4005.5,25.32K,-4.40%
16-03-2020,3951.8,4098.2,4119.9,3840,37.15K,-2.06%
17-03-2020,4024.4,3948.9,4093.4,3865,24.02K,1.84%
18-03-2020,3972.3,4012.7,4044.7,3931.8,22.19K,-1.29%
19-03-2020,3983.1,3930.7,4009.9,3905.2,14.77K,0.27%
20-03-2020,4035.8,3990,4094.8,3983.8,15.28K,1.32%
23-03-2020,4116.3,4072.1,4131,3976.5,13.22K,1.99%
24-03-2020,4137.9,4218.4,4218.4,3992.9,12.74K,0.52%
25-03-2020,4221.7,4137.9,4278.5,4081.1,7.59K,2.03%
26-03-2020,4354.2,4200.1,4453.5,4143,7.07K,3.14%
27-03-2020,4357.1,4280,4376,4280,4.80K,0.07%
30-03-2020,4384.2,4345,4419,4321.2,0.40K,0.62%
31-03-2020,4325.5,4379.9,4384,4313,0.07K,-1.34%
01-04-2020,4335.7,4326.1,4355,4308,0.01K,0.24%
03-04-2020,4395.3,4465.7,4580,4365,0.06K,1.37%
07-04-2020,4508.1,4400,4572.4,4400,5.49K,2.57%
08-04-2020,4494.1,4477.7,4503.6,4468.6,3.16K,-0.31%
09-04-2020,4529.4,4483.8,4532.7,4483.8,3.27K,0.79%
13-04-2020,4628.6,4580,4638.5,4562.2,4.86K,2.19%
15-04-2020,4671,4644.5,4678.5,4606,6.98K,0.92%
16-04-2020,4725.8,4660,4732.7,4652.6,4.89K,1.17%
17-04-2020,4573.5,4670,4670,4561.4,8.04K,-3.22%
20-04-2020,4571.4,4546.5,4579.5,4531,6.65K,-0.05%
21-04-2020,4532.5,4582.5,4628.9,4505,8.99K,-0.85%
22-04-2020,4616.7,4576.8,4624.5,4556,7.77K,1.86%
23-04-2020,4642.7,4628,4673.3,4616.6,9.88K,0.56%
24-04-2020,4652.7,4632.2,4690,4611,10.86K,0.22%
27-04-2020,4619.1,4651.1,4665,4612.5,9.20K,-0.72%
28-04-2020,4606.6,4600,4613.3,4557.6,10.14K,-0.27%
29-04-2020,4554.6,4592.5,4617.7,4546,10.50K,-1.13%
30-04-2020,4490.6,4580.1,4594,4474,11.96K,-1.41%
01-05-2020,4552.7,4500.8,4560,4475,7.40K,1.38%
04-05-2020,4580.7,4556.5,4597.8,4546.1,8.80K,0.62%
05-05-2020,4575.1,4552.7,4578.4,4531.1,8.78K,-0.12%
06-05-2020,4537.1,4564.1,4584.8,4532,9.54K,-0.83%
07-05-2020,4616.1,4543,4620.9,4534,9.32K,1.74%
08-05-2020,4581.2,4637.7,4637.7,4575.5,11.23K,-0.76%
11-05-2020,4578.1,4580.1,4596,4559,9.79K,-0.07%
12-05-2020,4562.5,4587.8,4597,4554.4,10.99K,-0.34%
13-05-2020,4598.1,4561.3,4609,4550.1,11.10K,0.78%
14-05-2020,4665.4,4606.2,4679.5,4606.2,13.05K,1.46%
15-05-2020,4738.1,4671.1,4746.2,4664.1,12.37K,1.56%
18-05-2020,4665.5,4765.9,4798,4655.9,16.31K,-1.53%
19-05-2020,4705,4680.2,4718.1,4648.1,12.21K,0.85%
20-05-2020,4713.1,4718.1,4735.4,4680,10.94K,0.17%
21-05-2020,4638.8,4705,4705,4624.1,10.90K,-1.58%
22-05-2020,4705.6,4646.6,4713,4646.4,11.30K,1.44%
25-05-2020,4697.3,4680.8,4705,4665,4.16K,-0.18%
26-05-2020,4632.2,4704.9,4715,4625.7,13.66K,-1.39%
27-05-2020,4653.1,4630.7,4657,4577.5,13.87K,0.45%
28-05-2020,4640.5,4644.4,4686,4628.8,10.59K,-0.27%
29-05-2020,4665.4,4652.3,4686.8,4639.4,7.90K,0.54%
01-06-2020,4708.3,4657.1,4730,4652,0.41K,0.92%
02-06-2020,4679.6,4717,4720,4660,0.06K,-0.61%
03-06-2020,4609.9,4670,4670,4590,0.04K,-1.49%
04-06-2020,4672.7,4659.9,4690.4,4659.9,0.01K,1.36%
05-06-2020,4652.6,4675,4675,4630.1,0.00K,-0.43%
08-06-2020,4610.1,4579.3,4616,4574.8,10.22K,-0.91%
09-06-2020,4659.4,4607.5,4673.7,4595,13.28K,1.07%
10-06-2020,4662.6,4660.2,4694.9,4655.4,9.88K,0.07%
11-06-2020,4741.4,4675,4768,4675,16.91K,1.69%
12-06-2020,4733.4,4715,4755,4706.5,11.83K,-0.17%
15-06-2020,4702.6,4719.9,4724.6,4654.6,12.92K,-0.65%
16-06-2020,4756.7,4718,4765,4696,14.47K,1.15%
17-06-2020,4733.8,4745,4748.3,4696.7,11.89K,-0.48%
18-06-2020,4735.5,4730.1,4761.9,4711,12.94K,0.04%
19-06-2020,4793.7,4739.9,4798,4732.8,11.46K,1.23%
22-06-2020,4794.4,4800,4828.9,4779.2,12.35K,0.01%
23-06-2020,4823.2,4786.4,4827.2,4773.1,13.90K,0.60%
24-06-2020,4813.4,4833.3,4858.9,4803.5,17.25K,-0.20%
25-06-2020,4794.1,4811.4,4817.3,4782.3,12.37K,-0.40%
26-06-2020,4830.5,4790.2,4834.8,4770,16.17K,0.76%
29-06-2020,4824.4,4836.5,4846.2,4815,10.05K,-0.13%
30-06-2020,4876.2,4827,4882.5,4818,14.23K,1.07%
01-07-2020,4826.7,4881.4,4898.2,4805.1,17.22K,-1.02%
02-07-2020,4815.8,4817.4,4827.3,4760.6,16.48K,-0.23%
03-07-2020,4804.6,4805.3,4819,4795,8.76K,-0.23%
06-07-2020,4822.5,4797,4828.5,4777.5,14.51K,0.37%
07-07-2020,4880,4821,4882.5,4810.1,15.36K,1.19%
08-07-2020,4915.9,4870.4,4934.8,4864.2,14.92K,0.74%
09-07-2020,4887.8,4913.9,4931.2,4875.6,15.86K,-0.57%
10-07-2020,4886.3,4891.9,4923,4871,13.60K,-0.03%
13-07-2020,4914.8,4904.6,4926.5,4891.5,11.66K,0.58%
14-07-2020,4925.9,4905,4929.1,4877,13.40K,0.23%
15-07-2020,4915.9,4922.8,4927,4891.4,12.50K,-0.20%
16-07-2020,4877.3,4910.4,4924.5,4872.7,10.92K,-0.79%
17-07-2020,4896.7,4879.6,4902.5,4871.3,10.25K,0.40%
20-07-2020,4902.7,4891,4917.5,4885.8,9.86K,0.12%
21-07-2020,4952.7,4907.8,4957.9,4903.6,12.61K,1.02%
22-07-2020,5007.8,4993.1,5019.9,4963,18.01K,1.11%
23-07-2020,5070,5019.1,5093.6,5012.5,16.87K,1.24%
24-07-2020,5103.5,5080.9,5118.4,5057,12.22K,0.66%
27-07-2020,5210.1,5174.9,5222,5165.7,13.40K,2.09%
28-07-2020,5259.1,5218.6,5269.8,5127.7,19.55K,0.94%
29-07-2020,5318.7,5255,5339.9,5236.4,13.37K,1.13%
30-07-2020,5313.8,5339,5342.9,5270,3.12K,-0.09%
31-07-2020,5382.8,5352.6,5392,5345,0.54K,1.30%
03-08-2020,5399.7,5419.4,5419.9,5356.4,0.08K,0.31%
04-08-2020,5406.4,5422.3,5456,5370.8,0.02K,0.12%
05-08-2020,5520.7,5490,5545,5490,0.01K,2.11%
06-08-2020,5584.5,5526.5,5607.9,5524.1,16.22K,1.16%
07-08-2020,5478.9,5596.5,5619.1,5469,18.31K,-1.89%
10-08-2020,5494.6,5504.9,5544.9,5486.1,10.97K,0.29%
11-08-2020,5192.9,5475,5475,5171.2,27.98K,-5.49%
12-08-2020,5225.4,5165,5259.8,4995.5,27.25K,0.63%
13-08-2020,5293,5236.5,5303.8,5180.2,14.84K,1.29%
14-08-2020,5222.7,5267.5,5279.7,5184,14.51K,-1.33%
17-08-2020,5327.5,5215.1,5344.3,5211.3,12.90K,2.01%
18-08-2020,5357.1,5341.5,5399.9,5180,19.28K,0.56%
19-08-2020,5262.2,5345,5349.3,5230.2,14.80K,-1.77%
20-08-2020,5215.1,5255,5255,5172.1,15.61K,-0.90%
21-08-2020,5201.6,5216,5240.9,5123.9,16.22K,-0.26%
24-08-2020,5126.9,5186,5223.2,5116,13.93K,-1.44%
25-08-2020,5092.4,5135,5153.3,5082,12.49K,-0.67%
26-08-2020,5177.9,5116.5,5187.6,5055.1,16.33K,1.68%
27-08-2020,5090.2,5160.1,5216,5053.3,21.22K,-1.69%
28-08-2020,5144.8,5089,5175,5089,16.28K,1.07%
31-08-2020,5170.1,5154,5187.5,5146,13.26K,0.49%
01-09-2020,5150.2,5200,5210,5130.3,11.76K,-0.38%
02-09-2020,5082.1,5144.9,5155.5,5069.6,14.49K,-1.32%
03-09-2020,5074.2,5096.4,5106.8,5050,14.34K,-0.16%
04-09-2020,5067.8,5086.5,5108.2,5036.2,13.11K,-0.13%
07-09-2020,5106.5,5080.1,5120,5068,6.72K,0.76%
08-09-2020,5135.3,5080,5140.6,5062.9,14.83K,0.56%
09-09-2020,5140.2,5116.5,5148,5087.2,12.11K,0.10%
10-09-2020,5177.4,5143,5185.1,5124.2,10.82K,0.72%
11-09-2020,5131.9,5143.1,5168.4,5122.4,9.56K,-0.88%
14-09-2020,5168.7,5159.9,5184.7,5133.4,10.65K,0.72%
15-09-2020,5176.9,5185,5218.2,5156.1,12.38K,0.16%
16-09-2020,5182.4,5183.9,5212.7,5175,11.40K,0.11%
17-09-2020,5145.3,5171,5171,5118.1,12.78K,-0.72%
18-09-2020,5171.5,5155.9,5184.9,5145.3,10.02K,0.51%
21-09-2020,5047.1,5165,5165,4981.5,19.07K,-2.41%
22-09-2020,5038.1,5056,5068.6,5012.9,12.78K,-0.18%
23-09-2020,4950.8,5038,5038,4944.4,17.93K,-1.73%
24-09-2020,4990.4,4940,5005,4924.8,15.56K,0.80%
25-09-2020,4965.9,4982.6,4990,4938,10.62K,-0.49%
28-09-2020,5013.3,4947.4,5019.7,4931.5,5.68K,0.95%
29-09-2020,5068.1,5019.4,5073.9,5005.9,0.68K,1.09%
30-09-2020,5040.4,5055.9,5086,5015,0.11K,-0.55%
01-10-2020,5047,5040,5094,5030,0.01K,0.13%
05-10-2020,5015.7,5060,5060,5010,0.02K,-0.62%
06-10-2020,5052.6,5046.8,5098.2,5044.5,11.18K,0.74%
07-10-2020,5004.8,5027,5036.1,4988,12.47K,-0.95%
08-10-2020,5017.5,4997.2,5039.9,4992.4,10.97K,0.25%
09-10-2020,5081.7,5030,5097,5030,11.95K,1.28%
12-10-2020,5110.7,5094,5118.4,5083,8.54K,0.57%
13-10-2020,5024.5,5087,5107.8,5011,14.10K,-1.69%
14-10-2020,5054.2,5036.9,5074,5027,10.79K,0.59%
15-10-2020,5071.2,5031.4,5074.9,5028,12.14K,0.34%
16-10-2020,5054.7,5058.6,5081.3,5045.2,8.89K,-0.33%
19-10-2020,5068.7,5055.2,5094,5043.7,9.82K,0.28%
20-10-2020,5091,5060,5094,5049.1,11.14K,0.44%
21-10-2020,5133.3,5095,5145.4,5091.5,13.37K,0.83%
22-10-2020,5076.6,5119.9,5119.9,5053.5,11.85K,-1.10%
23-10-2020,5083.9,5086.5,5104,5064.3,10.62K,0.14%
26-10-2020,5093,5069,5112.5,5055.2,11.40K,0.18%
27-10-2020,5096.1,5106.5,5111.4,5070.4,11.06K,0.06%
28-10-2020,5049.5,5106.5,5106.5,5023,14.73K,-0.91%
29-10-2020,5028.2,5044.6,5061.7,5007,13.33K,-0.42%
30-10-2020,5069.9,5046.5,5087,5035.3,10.54K,0.83%
02-11-2020,5106.7,5077.7,5109.9,5061.2,9.51K,0.73%
03-11-2020,5159.8,5095,5163,5078.9,10.88K,1.04%
04-11-2020,5082,5132,5146.5,5077.3,14.82K,-1.51%
05-11-2020,5205.5,5123.1,5217.6,5116.1,13.98K,2.43%
06-11-2020,5216.7,5191.2,5245,5171.1,14.87K,0.22%
09-11-2020,4974.8,5227,5252,4950,26.54K,-4.64%
10-11-2020,5050.1,4993.1,5066.4,4993.1,14.41K,1.51%
11-11-2020,5016.9,5044.4,5052.5,4994.4,12.49K,-0.66%
12-11-2020,5060,5031.5,5079,5021.7,11.19K,0.86%
13-11-2020,5092.2,5066.5,5113.9,5060.9,9.40K,0.64%
14-11-2020,5092.2,5101.5,5108,5087,1.00K,0.00%
16-11-2020,5083,5093.1,5101.5,5015,7.83K,-0.18%
17-11-2020,5076.6,5080,5102.9,5070.3,10.09K,-0.13%
18-11-2020,5032.5,5060,5064.6,5005.3,12.96K,-0.87%
19-11-2020,4999.2,5020,5020,4972,12.67K,-0.66%
20-11-2020,5021.2,5004.1,5043.5,4985.7,10.73K,0.44%
23-11-2020,4948,5023.4,5035,4929.1,15.17K,-1.46%
24-11-2020,4858.5,4926.2,4926.2,4851.4,16.73K,-1.81%
25-11-2020,4851.3,4849.7,4888.5,4839,12.33K,-0.15%
26-11-2020,4851.7,4852.4,4880,4842.5,7.89K,0.01%
27-11-2020,4812.5,4850.8,4864.7,4780,10.10K,-0.81%
30-11-2020,4779.2,4768,4796.6,4755,0.46K,-0.69%
01-12-2020,4827.5,4819.4,4855.9,4770.5,0.04K,1.01%
02-12-2020,4864.3,4849.9,4884.9,4840,0.01K,0.76%
03-12-2020,4941.9,4987.4,4993.6,4909.3,0.01K,1.60%
04-12-2020,4939.3,4935,5000.1,4910,0.01K,-0.05%
07-12-2020,4994.6,4923.1,5006,4887.4,10.41K,1.12%
08-12-2020,5010.9,5006.5,5017.5,4971.1,8.38K,0.33%
09-12-2020,4926,4985,4988.6,4914,12.54K,-1.69%
10-12-2020,4907.7,4916.5,4950,4893.5,9.56K,-0.37%
11-12-2020,4932.4,4915,4943.8,4887.5,9.68K,0.50%
14-12-2020,4893.9,4910.1,4913.3,4860.2,9.95K,-0.78%
15-12-2020,4944.3,4903.5,4958.9,4900.7,9.97K,1.03%
16-12-2020,4959.7,4951,4985,4945.2,11.58K,0.31%
17-12-2020,5039,4972,5064.2,4972,12.91K,1.60%
18-12-2020,5030.4,5031.9,5046.9,5010.5,7.91K,-0.17%
21-12-2020,5041.6,5051.5,5100.9,4971.2,15.05K,0.22%
22-12-2020,5008.1,5052.7,5054,4992.3,9.65K,-0.66%
23-12-2020,5014.9,5004.2,5028,4968,11.40K,0.14%
24-12-2020,5007.3,5015.1,5018.6,4987.8,7.96K,-0.15%
28-12-2020,5001.3,5020,5058,4991.5,11.88K,-0.12%
29-12-2020,5003.9,5005.1,5019.5,4986,9.45K,0.05%
30-12-2020,5013.5,5017.9,5017.9,4985.7,7.42K,0.19%
31-12-2020,5015.1,5005.9,5029,5000.2,7.02K,0.03%
01-01-2021,5024.4,5018,5028,5012.8,1.23K,0.19%
04-01-2021,5142.4,5030,5149,5030,12.99K,2.35%
05-01-2021,5172,5139.7,5178,5133.3,10.60K,0.58%
06-01-2021,5050.9,5155.5,5187.5,5040.1,19.22K,-2.34%
07-01-2021,5090.4,5074,5104.6,5066,10.82K,0.78%
08-01-2021,4896.7,5075.5,5079.9,4881.8,19.74K,-3.81%
11-01-2021,4934.1,4878.6,4939,4863.5,11.77K,0.76%
12-01-2021,4904.5,4932,4957,4893.3,9.18K,-0.60%
13-01-2021,4930.5,4913,4944.7,4913,7.23K,0.53%
14-01-2021,4922.1,4900,4926.8,4875.1,10.47K,-0.17%
15-01-2021,4870.2,4908.8,4932.7,4853.7,11.33K,-1.05%
18-01-2021,4889.4,4866.9,4899.5,4860.8,6.33K,0.39%
19-01-2021,4898.3,4896.5,4907,4875,8.03K,0.18%
20-01-2021,4953.4,4907.7,4964,4880.1,13.56K,1.12%
21-01-2021,4944.8,4969.9,4976.5,4932.3,8.75K,-0.17%
22-01-2021,4914,4935.5,4939.9,4868.5,11.64K,-0.62%
25-01-2021,4914.3,4915.5,4934.6,4892.5,8.73K,0.01%
27-01-2021,4886.5,4890.3,4898,4851.1,9.42K,-0.57%
28-01-2021,4862.4,4870,4929,4852.1,10.26K,-0.49%
29-01-2021,4909.6,4862.4,4948.5,4862.4,8.26K,0.97%
01-02-2021,4839.4,4937,4940,4720,0.99K,-1.43%
02-02-2021,4775.1,4826.5,4826.5,4760.6,0.07K,-1.33%
03-02-2021,4775,4792.5,4795.5,4772.5,0.04K,0.00%
04-02-2021,4696.5,4740,4740,4660,0.01K,-1.64%
05-02-2021,4707.8,4707.5,4708,4707.5,0.00K,0.24%
08-02-2021,4783.9,4715.2,4795.7,4715.2,10.41K,1.62%
09-02-2021,4794.8,4800,4823.5,4777.9,9.55K,0.23%
10-02-2021,4801.3,4800,4837.4,4782.2,10.33K,0.14%
11-02-2021,4750.8,4783.7,4810,4745.6,8.90K,-1.05%
12-02-2021,4731.8,4741.1,4758.6,4711.1,9.55K,-0.40%
15-02-2021,4724.1,4743.6,4745.5,4720.2,6.16K,-0.16%
16-02-2021,4689.9,4740.9,4748,4668.2,13.85K,-0.72%
17-02-2021,4623.7,4680,4680,4616.2,12.29K,-1.41%
18-02-2021,4612.6,4640.9,4649.8,4601.1,10.06K,-0.24%
19-02-2021,4619.7,4598.6,4649,4586.1,11.11K,0.15%
22-02-2021,4690.1,4633.5,4696.6,4623.8,12.75K,1.52%
23-02-2021,4680.2,4697.3,4698.5,4658.9,8.95K,-0.21%
24-02-2021,4652.2,4680.8,4685.7,4626.8,11.49K,-0.60%
25-02-2021,4624.1,4644.3,4665.5,4606,13.83K,-0.60%
26-02-2021,4573.6,4634,4668.9,4561.1,17.95K,-1.09%
01-03-2021,4530.8,4600,4613.9,4521.5,11.65K,-0.94%
02-03-2021,4554.8,4506.6,4565,4497.5,12.35K,0.53%
03-03-2021,4494.8,4552.4,4554.4,4456.1,12.64K,-1.32%
04-03-2021,4454.1,4473.5,4496.2,4447.1,12.20K,-0.91%
05-03-2021,4468.3,4444.4,4472,4421.7,11.92K,0.32%
08-03-2021,4421.8,4475.6,4478,4415,10.35K,-1.04%
09-03-2021,4485.7,4434.9,4496.3,4426.3,11.35K,1.45%
10-03-2021,4479.2,4473,4494.4,4463,8.86K,-0.14%
11-03-2021,4487.9,4495,4516.7,4477.4,5.58K,0.19%
12-03-2021,4475,4474.1,4478.5,4427.1,9.79K,-0.29%
15-03-2021,4490,4479,4504.7,4473,8.09K,0.34%
16-03-2021,4481.3,4495,4508.6,4476.6,7.82K,-0.19%
17-03-2021,4484,4489,4503.7,4475.6,6.44K,0.06%
18-03-2021,4495.1,4489.2,4529.9,4462.6,9.76K,0.25%
19-03-2021,4502.1,4492.8,4513.7,4480.1,7.52K,0.16%
22-03-2021,4490.5,4497.4,4504,4463,7.03K,-0.26%
23-03-2021,4464.6,4478.6,4499.5,4459,7.96K,-0.58%
24-03-2021,4486,4480,4489.5,4467.3,7.25K,0.48%
25-03-2021,4469.5,4489.2,4502.8,4460.1,9.09K,-0.37%
26-03-2021,4464.2,4463.5,4478.8,4444.1,8.12K,-0.12%
29-03-2021,4354.5,4452,4455,4332,3.70K,-2.46%
30-03-2021,4387.3,4366.9,4430,4366.9,0.41K,0.75%
31-03-2021,4463.7,4387,4467.2,4371.1,0.06K,1.74%
01-04-2021,4476.7,4465,4486.5,4465,0.03K,0.29%
05-04-2021,4498.1,4490,4505,4488.6,0.01K,0.48%
06-04-2021,4591.9,4542,4597.4,4542,6.75K,2.09%
07-04-2021,4636.2,4576.6,4642,4574.2,8.12K,0.96%
08-04-2021,4683.8,4629.9,4690,4624,9.52K,1.03%
09-04-2021,4659.3,4676.6,4688.7,4631.4,8.59K,-0.52%
12-04-2021,4641.9,4654.5,4677.7,4640,7.99K,-0.37%
13-04-2021,4697.5,4645,4703.3,4636.7,7.68K,1.20%
14-04-2021,4660.8,4685.1,4693,4655.6,3.86K,-0.78%
15-04-2021,4717.5,4668,4727.9,4668,8.94K,1.22%
16-04-2021,4735.3,4709.9,4743.2,4682,8.24K,0.38%
19-04-2021,4739.3,4735.3,4785,4728,8.97K,0.08%
20-04-2021,4785.7,4742.4,4790.1,4712.8,10.15K,0.98%
21-04-2021,4822.8,4793.9,4842.9,4793.6,4.55K,0.78%
22-04-2021,4777.2,4825.2,4826,4766,7.81K,-0.95%
23-04-2021,4753.2,4788.5,4802.6,4738.4,8.16K,-0.50%
26-04-2021,4746.2,4760.4,4765,4725.3,5.78K,-0.15%
27-04-2021,4730.3,4746.5,4751.5,4727.3,5.45K,-0.34%
28-04-2021,4709.3,4715,4727.3,4680,6.87K,-0.44%
29-04-2021,4672.6,4724.5,4729.9,4646.2,9.58K,-0.78%
30-04-2021,4673.7,4674.3,4681.9,4660.5,6.33K,0.02%
03-05-2021,4731.9,4692.1,4745,4692.1,8.62K,1.25%
04-05-2021,4687.1,4722.6,4745.1,4671.7,9.93K,-0.95%
05-05-2021,4700,4697.9,4704.6,4665,6.59K,0.28%
06-05-2021,4759.5,4707.2,4764.3,4700,9.94K,1.27%
07-05-2021,4775.1,4765.4,4805,4752,10.60K,0.33%
10-05-2021,4795.1,4782,4814.4,4775.5,6.99K,0.42%
11-05-2021,4763.3,4795.2,4801.3,4732.5,9.71K,-0.66%
12-05-2021,4748.2,4749.7,4786.2,4737.4,7.50K,-0.32%
13-05-2021,4743.8,4735.6,4753,4721.1,3.60K,-0.09%
14-05-2021,4767.6,4736.8,4771.1,4733.7,5.88K,0.50%
17-05-2021,4847.4,4798.9,4849.9,4791,8.42K,1.67%
18-05-2021,4830.7,4841.9,4849,4821.5,5.74K,-0.34%
19-05-2021,4867.4,4826.1,4887.5,4795,10.51K,0.76%
20-05-2021,4854.4,4859.8,4866.5,4826.9,6.11K,-0.27%
21-05-2021,4840.4,4833.6,4867,4823,6.90K,-0.29%
24-05-2021,4855.3,4845,4864,4836.8,4.35K,0.31%
25-05-2021,4886.7,4842.5,4889.4,4833.3,8.13K,0.65%
26-05-2021,4878.4,4906.7,4922,4866.6,7.21K,-0.17%
27-05-2021,4858.1,4875.1,4887,4845.1,7.69K,-0.42%
28-05-2021,4854.2,4843.2,4860.3,4825,5.62K,-0.08%
31-05-2021,4882.1,4869,4896.7,4854,1.03K,0.57%
01-06-2021,4899.5,4904.9,4922.5,4871,0.07K,0.36%
02-06-2021,4915.4,4910,4922,4907.5,0.01K,0.32%
03-06-2021,4899,4916.3,4967,4857,0.01K,-0.33%
04-06-2021,4860,4860,4860,4860,0.00K,-0.80%
07-06-2021,4914.3,4894.7,4917.5,4878.2,4.08K,1.12%
08-06-2021,4912.7,4914.6,4935,4893.2,6.27K,-0.03%
09-06-2021,4912.4,4915,4926.9,4902.4,5.04K,-0.01%
10-06-2021,4919.8,4901.8,4926.3,4867.5,8.79K,0.15%
11-06-2021,4890.3,4928.3,4939.9,4886.5,6.85K,-0.60%
14-06-2021,4852.3,4875,4875,4810.5,9.04K,-0.78%
15-06-2021,4842.4,4850.9,4873.2,4834.8,6.08K,-0.20%
16-06-2021,4850.6,4845.8,4856.5,4836.7,4.64K,0.17%
17-06-2021,4695.8,4825,4825,4674.4,12.51K,-3.19%
18-06-2021,4672.8,4714.7,4738.7,4666.8,7.70K,-0.49%
21-06-2021,4707.4,4690,4715.5,4663.3,6.01K,0.74%
22-06-2021,4701.1,4717.8,4724.7,4686.9,6.37K,-0.13%
23-06-2021,4707.2,4709.3,4731.8,4696.2,6.66K,0.13%
24-06-2021,4687,4695,4715.9,4681.1,6.14K,-0.43%
25-06-2021,4692.5,4694.8,4721.3,4683.5,6.80K,0.12%
28-06-2021,4700.8,4696.5,4711.8,4686.5,5.49K,0.18%
29-06-2021,4655.5,4688,4697,4633,9.76K,-0.96%
30-06-2021,4683.9,4659.4,4693.3,4646.1,6.35K,0.61%
01-07-2021,4703.9,4693,4721,4690.3,6.30K,0.43%
02-07-2021,4728.5,4713.9,4751.5,4713.9,7.29K,0.52%
05-07-2021,4729.9,4734.9,4742.5,4725,3.43K,0.03%
06-07-2021,4768.4,4735,4800,4735,9.36K,0.81%
07-07-2021,4791,4776.1,4799.9,4765.5,6.20K,0.47%
08-07-2021,4772.1,4775.9,4829,4760.1,11.00K,-0.39%
09-07-2021,4792.3,4784.4,4794.8,4762.1,6.56K,0.42%
12-07-2021,4777.4,4780.7,4787,4747.7,8.36K,-0.31%
13-07-2021,4788.9,4787.5,4807.1,4771.5,8.41K,0.24%
14-07-2021,4829.9,4798.2,4836.9,4793,8.40K,0.86%
15-07-2021,4840,4827,4850.1,4816,6.86K,0.21%
16-07-2021,4805.3,4837.8,4838.9,4797.5,7.59K,-0.72%
19-07-2021,4809.4,4808.3,4823.6,4778,8.75K,0.09%
20-07-2021,4787.6,4824,4829.5,4777.1,7.87K,-0.45%
21-07-2021,4757.3,4775,4775,4750,3.75K,-0.63%
22-07-2021,4763.4,4750,4769,4730.1,7.00K,0.13%
23-07-2021,4753.4,4757.5,4772,4730,6.48K,-0.21%
26-07-2021,4746.1,4764.7,4778.4,4742,6.82K,-0.15%
27-07-2021,4757.3,4744.6,4764.2,4736.7,7.10K,0.24%
28-07-2021,4757.7,4761,4768.9,4747,4.49K,0.01%
29-07-2021,4828.1,4772,4831,4769,5.82K,1.48%
30-07-2021,4784.6,4828.1,4830.4,4775.1,1.55K,-0.90%
02-08-2021,4804.5,4778,4813,4772.5,0.02K,0.42%
03-08-2021,4781.7,4790,4804.9,4776,0.02K,-0.47%
04-08-2021,4811.1,4777,4829.9,4777,0.02K,0.61%
05-08-2021,4845,4845,4845,4845,0.00K,0.70%
06-08-2021,4664,4750,4757.4,4655.6,10.80K,-3.74%
09-08-2021,4588.6,4631.1,4638.6,4581.5,9.65K,-1.62%
10-08-2021,4596.2,4600,4611.2,4566.2,6.32K,0.17%
11-08-2021,4638.8,4601.1,4644.6,4592.5,7.07K,0.93%
12-08-2021,4636.3,4630,4658.1,4615.1,6.43K,-0.05%
13-08-2021,4694,4645.2,4699.6,4641.6,6.47K,1.24%
16-08-2021,4722.5,4695,4728,4681.6,5.38K,0.61%
17-08-2021,4728,4723.5,4754.9,4718.3,7.00K,0.12%
18-08-2021,4713.2,4737.4,4743.7,4702.6,6.34K,-0.31%
19-08-2021,4716.9,4721.1,4785,4707.3,4.00K,0.08%
20-08-2021,4715.8,4725,4737.7,4706.5,5.26K,-0.02%
23-08-2021,4758.4,4721.5,4762.5,4714.9,5.78K,0.90%
24-08-2021,4761.2,4751.5,4773.1,4747.2,5.07K,0.06%
25-08-2021,4717.9,4743.5,4748.2,4708,7.14K,-0.91%
26-08-2021,4723.7,4718.1,4738,4693.4,6.29K,0.12%
27-08-2021,4753.8,4730,4758.2,4682,10.58K,0.64%
30-08-2021,4716.4,4743.8,4749.4,4714.5,4.72K,-0.79%
31-08-2021,4712,4729.9,4733.2,4677.6,6.85K,-0.09%
01-09-2021,4706.8,4712.9,4727.6,4698,5.34K,-0.11%
02-09-2021,4699.1,4704.9,4720.8,4690,4.27K,-0.16%
03-09-2021,4752.4,4709.5,4759.8,4703.5,8.42K,1.13%
06-09-2021,4742.5,4743.3,4749.7,4736.5,3.20K,-0.21%
07-09-2021,4693.9,4740.2,4743.5,4686.4,7.18K,-1.02%
08-09-2021,4703.8,4696.1,4714,4675,5.82K,0.21%
09-09-2021,4699.4,4693.8,4708.2,4671.3,7.17K,-0.09%
10-09-2021,4680.6,4690,4698.6,4675.1,2.45K,-0.40%
13-09-2021,4690.8,4692.7,4704.3,4676.6,5.38K,0.22%
14-09-2021,4726,4686.8,4732,4662,10.05K,0.75%
15-09-2021,4689.6,4718.5,4726.4,4686.8,6.33K,-0.77%
16-09-2021,4607.6,4688,4691.7,4581.2,10.01K,-1.75%
17-09-2021,4598.6,4610,4623.9,4585.3,6.35K,-0.20%
20-09-2021,4627.8,4593,4637.5,4588,6.70K,0.63%
21-09-2021,4663.8,4621,4679.9,4613,7.09K,0.78%
22-09-2021,4667.2,4665.1,4676.2,4655.6,4.15K,0.07%
23-09-2021,4605.6,4643.9,4653.4,4594,7.56K,-1.32%
24-09-2021,4599.5,4607.5,4613.2,4578.7,6.50K,-0.13%
27-09-2021,4606.9,4603.6,4622,4590.2,6.39K,0.16%
28-09-2021,4585.3,4607.1,4607.1,4568.8,8.25K,-0.47%
29-09-2021,4558.5,4596.3,4598,4551.1,3.22K,-0.58%
30-09-2021,4632.3,4565,4643.6,4547.9,0.11K,1.62%
01-10-2021,4628.6,4629.5,4633.2,4615.5,0.05K,-0.08%
04-10-2021,4628.6,4653.3,4696.3,4634.1,5.93K,0.00%
05-10-2021,4645,4653.5,4653.5,4635.4,0.01K,0.35%
06-10-2021,4690.7,4667.4,4699,4651.2,6.22K,0.98%
07-10-2021,4682.7,4685.1,4699,4668.7,4.96K,-0.17%
08-10-2021,4703.7,4686.1,4737,4685.4,8.31K,0.45%
11-10-2021,4705.1,4695,4718.8,4686.4,5.24K,0.03%
12-10-2021,4719.8,4709.9,4742,4703.6,6.67K,0.31%
13-10-2021,4791.6,4721.5,4799.9,4713.1,11.07K,1.52%
14-10-2021,4788.2,4780.8,4810,4778.3,4.96K,-0.07%
15-10-2021,4721.3,4760.2,4767.7,4712,7.18K,-1.40%
18-10-2021,4729.1,4722,4743.7,4716.9,5.43K,0.17%
19-10-2021,4728,4741,4764.5,4723.1,6.75K,-0.02%
20-10-2021,4749.9,4735.5,4757.6,4726.1,7.25K,0.46%
21-10-2021,4740.4,4752.9,4759.6,4734,5.21K,-0.20%
22-10-2021,4779.7,4755.5,4824.2,4748.2,11.59K,0.83%
25-10-2021,4820,4790,4829.9,4785.5,4.97K,0.84%
26-10-2021,4781.3,4814.7,4828,4758.4,9.00K,-0.80%
27-10-2021,4796.2,4776.1,4801.9,4762,6.39K,0.31%
28-10-2021,4796.1,4801.3,4822.9,4774.6,7.00K,0.00%
29-10-2021,4763.5,4783.6,4794.4,4738.2,10.35K,-0.68%
01-11-2021,4790.3,4761.5,4795.1,4759,6.03K,0.56%
02-11-2021,4762.2,4783.5,4788.5,4759.4,5.32K,-0.59%
03-11-2021,4700,4758.4,4758.4,4687.2,8.00K,-1.31%
04-11-2021,4755.3,4730,4759,4730,2.60K,1.18%
05-11-2021,4797.2,4751.9,4801.4,4729.4,5.32K,0.88%
08-11-2021,4801.8,4800,4817.4,4781.5,6.83K,0.10%
09-11-2021,4828.7,4801.5,4831.1,4797.6,6.59K,0.56%
10-11-2021,4885.4,4824.8,4928,4816.8,11.21K,1.17%
11-11-2021,4921.6,4894.1,4938,4891.1,5.42K,0.74%
12-11-2021,4931.4,4910.4,4934.6,4887.5,6.22K,0.20%
15-11-2021,4929.8,4917,4947.5,4909.2,5.09K,-0.03%
16-11-2021,4903.8,4934,4961,4901,8.38K,-0.53%
17-11-2021,4929.2,4906.8,4933.3,4898.5,5.68K,0.52%
18-11-2021,4905.9,4919.9,4927.3,4898.6,5.66K,-0.47%
19-11-2021,4882.8,4911.6,4930.8,4871,5.29K,-0.47%
22-11-2021,4792.3,4879.4,4887.5,4788.2,9.42K,-1.85%
23-11-2021,4743.4,4794.6,4803.1,4736.1,7.49K,-1.02%
24-11-2021,4743.8,4756.9,4767.4,4725.3,5.04K,0.01%
25-11-2021,4742.1,4754.5,4759.2,4731,3.89K,-0.04%
26-11-2021,4758.5,4761.5,4822.3,4753.5,5.99K,0.35%
29-11-2021,4758.7,4770,4798,4753,1.65K,0.00%
30-11-2021,4760.6,4757,4812.8,4743.6,0.08K,0.04%
01-12-2021,4757.8,4755,4778.3,4747,0.01K,-0.06%
02-12-2021,4721.4,4721.4,4721.4,4721.4,0.00K,-0.77%
03-12-2021,4715.3,4719.2,4727.1,4638.8,0.02K,-0.13%
06-12-2021,4791.4,4795.3,4803.9,4783,5.32K,1.61%
07-12-2021,4806,4790.7,4816.8,4779,6.05K,0.30%
08-12-2021,4805.5,4815,4830,4795.6,4.90K,-0.01%
09-12-2021,4793.9,4803.5,4816,4786.9,4.99K,-0.24%
10-12-2021,4816.4,4798.1,4826,4786.2,6.15K,0.47%
13-12-2021,4830.3,4821.3,4834.8,4813.1,4.83K,0.29%
14-12-2021,4807.2,4826.4,4836.1,4792.5,5.80K,-0.48%
15-12-2021,4808.7,4803.9,4824,4795,4.50K,0.03%
16-12-2021,4864.6,4829.6,4867.7,4827.6,5.90K,1.16%
17-12-2021,4859.4,4870,4878.5,4851,4.72K,-0.11%
20-12-2021,4824,4859.4,4864.3,4821.1,4.34K,-0.73%
21-12-2021,4806.7,4815.1,4829.8,4799.1,4.38K,-0.36%
22-12-2021,4819.9,4811.5,4822,4797.5,3.33K,0.27%
23-12-2021,4815.2,4826.8,4834,4803.5,3.53K,-0.10%
24-12-2021,4811.9,4818.5,4826.3,4806.6,1.85K,-0.07%
27-12-2021,4806.6,4811.9,4824.8,4805,3.24K,-0.11%
28-12-2021,4804.2,4830,4832.8,4800.2,4.18K,-0.05%
29-12-2021,4783.9,4800.2,4801.2,4757.7,6.37K,-0.42%
30-12-2021,4788.5,4780,4789.9,4757.9,4.38K,0.10%
31-12-2021,4809.9,4794.6,4813.4,4779.5,4.28K,0.45%
03-01-2022,4771.6,4805,4813,4769.1,6.65K,-0.80%
04-01-2022,4794.9,4781,4799.7,4774,4.71K,0.49%
05-01-2022,4802.1,4798.2,4816.9,4785.1,4.66K,0.15%
06-01-2022,4745.1,4776.8,4786.5,4740,7.90K,-1.19%
07-01-2022,4745.2,4737,4758.6,4730,4.51K,0.00%
10-01-2022,4745.5,4739.4,4749.9,4730.1,4.39K,0.01%
11-01-2022,4768.9,4758.9,4770,4746,4.49K,0.49%
12-01-2022,4780.8,4768.2,4784.3,4762.8,3.84K,0.25%
13-01-2022,4773.6,4780.4,4791.7,4765,3.75K,-0.15%
14-01-2022,4777.8,4784.1,4799.3,4775.6,4.28K,0.09%
17-01-2022,4791.7,4783.5,4796.5,4780.3,2.41K,0.29%
18-01-2022,4792.6,4795,4804.7,4778,5.08K,0.02%
19-01-2022,4837.7,4794.9,4841.6,4791.1,5.69K,0.94%
20-01-2022,4838,4837.9,4855.7,4831,3.67K,0.01%
21-01-2022,4824.9,4839,4852.3,4815.3,4.04K,-0.27%
24-01-2022,4856.4,4832.3,4860,4830,5.21K,0.65%
25-01-2022,4885.1,4860.8,4891.2,4854,4.58K,0.59%
27-01-2022,4791,4855,4855,4785.3,5.96K,-1.93%
28-01-2022,4761.1,4795,4800,4747.9,3.50K,-0.62%
31-01-2022,4768.6,4759,4780.2,4749.9,0.72K,0.16%
01-02-2022,4796.5,4773.6,4809.9,4758.1,0.13K,0.59%
02-02-2022,4792.2,4785,4804.6,4769.2,0.04K,-0.09%
03-02-2022,4784.9,4809.9,4809.9,4751.7,0.02K,-0.15%
04-02-2022,4790.4,4700,4802.5,4700,0.01K,0.11%
07-02-2022,4822.8,4801.1,4824.7,4799.5,3.55K,0.68%
08-02-2022,4842.9,4827,4847.4,4817.4,4.20K,0.42%
09-02-2022,4866,4842,4871.5,4840.3,4.48K,0.48%
10-02-2022,4895.5,4869.4,4899,4855.1,5.28K,0.61%
11-02-2022,4911.4,4875,4913.4,4864.3,5.31K,0.32%
14-02-2022,4991.6,4945,5001.1,4944.3,6.46K,1.63%
15-02-2022,4938.5,5015.1,5032.5,4923,7.51K,-1.06%
16-02-2022,4961.8,4939.4,4966,4924.9,4.03K,0.47%
17-02-2022,5039.2,4957.7,5043.8,4955.7,7.36K,1.56%
18-02-2022,5011.2,5017.7,5027.4,4982.9,5.70K,-0.56%
21-02-2022,5007.8,5007.1,5013.9,4976.4,4.24K,-0.07%
22-02-2022,5032.8,5044.7,5068.7,5005.7,7.80K,0.50%
23-02-2022,5037.9,5038.9,5041.4,4995.1,5.72K,0.10%
24-02-2022,5154.3,5080,5279.7,5080,15.81K,2.31%
25-02-2022,5022.1,5118,5118,5004,9.45K,-2.56%
28-02-2022,5076,5088,5121.1,5050.5,10.64K,1.07%
01-03-2022,5181.6,5120,5187.6,5115.9,5.40K,2.08%
02-03-2022,5129.4,5170,5207,5119.2,9.59K,-1.01%
03-03-2022,5177,5156.2,5195.1,5139.1,7.65K,0.93%
04-03-2022,5255.9,5190.2,5260.1,5180,9.22K,1.52%
07-03-2022,5351.7,5326.6,5401,5281.3,10.51K,1.82%
08-03-2022,5422.4,5363.9,5555.8,5335.6,13.38K,1.32%
09-03-2022,5274.5,5491.7,5519,5262.6,10.90K,-2.73%
10-03-2022,5323.9,5260.1,5348.8,5243.7,8.00K,0.94%
11-03-2022,5287.8,5308.9,5320.3,5224,8.33K,-0.68%
14-03-2022,5230.4,5262.3,5278.6,5212.5,6.95K,-1.09%
15-03-2022,5156.4,5200.1,5208,5122,8.30K,-1.41%
16-03-2022,5114.7,5134.6,5151.9,5102.8,5.13K,-0.81%
17-03-2022,5164.7,5167.8,5183.7,5136.6,5.86K,0.98%
18-03-2022,5144.7,5165,5171.3,5136,1.71K,-0.39%
21-03-2022,5165.5,5143,5189,5135,5.05K,0.40%
22-03-2022,5137.9,5177,5194.9,5115,6.55K,-0.53%
23-03-2022,5176.7,5136.5,5180,5122.4,4.53K,0.76%
24-03-2022,5207.8,5170.2,5215.5,5164.8,5.74K,0.60%
25-03-2022,5187.6,5207.5,5210,5176.2,3.68K,-0.39%
28-03-2022,5157.1,5172.1,5178.4,5137,4.65K,-0.59%
29-03-2022,5081.3,5134.2,5138.3,5035.4,8.07K,-1.47%
30-03-2022,5095.3,5097.9,5126.3,5081.1,3.67K,0.28%
31-03-2022,5158.5,5090.6,5171.8,5090.6,0.13K,1.24%
01-04-2022,5134.4,5148,5155.1,5127.5,0.13K,-0.47%
04-04-2022,5126.6,5122.4,5135,5120,0.02K,-0.15%
05-04-2022,5141.3,5130.4,5167,5116,0.03K,0.29%
06-04-2022,5159.6,5139.8,5183.7,5132,5.75K,0.36%
07-04-2022,5189.7,5161.1,5198.2,5155,4.35K,0.58%
08-04-2022,5207.1,5173.4,5219.7,5168.1,5.29K,0.34%
11-04-2022,5217.9,5212.6,5274,5202.1,5.69K,0.21%
12-04-2022,5287.8,5237.5,5300,5237.5,6.48K,1.34%
13-04-2022,5308.1,5285,5315,5280.7,3.76K,0.38%
14-04-2022,5299.2,5301,5311,5270,2.93K,-0.17%
18-04-2022,5327.2,5347,5366.3,5321.8,5.24K,0.53%
19-04-2022,5274.9,5324.8,5341.6,5266,6.28K,-0.98%
20-04-2022,5262.8,5256.2,5265,5231,5.28K,-0.23%
21-04-2022,5241.3,5262.8,5264.9,5214.4,5.28K,-0.41%
22-04-2022,5226.1,5252.9,5266.2,5210.4,6.73K,-0.29%
25-04-2022,5139.3,5203.3,5211.5,5130,8.93K,-1.66%
26-04-2022,5158.4,5146,5176.9,5141,5.11K,0.37%
27-04-2022,5119.9,5154.5,5163.6,5108.2,7.57K,-0.75%
28-04-2022,5126.2,5108.9,5133.5,5082.8,5.95K,0.12%
29-04-2022,5175.4,5149.9,5187.9,5149.9,6.04K,0.96%
02-05-2022,5065.9,5127,5132.2,5048.1,10.57K,-2.12%
03-05-2022,5080.8,5055.5,5099.2,5051.5,2.61K,0.29%
04-05-2022,5061,5067.5,5083,5050.2,6.19K,-0.39%
05-05-2022,5089.9,5092.1,5155.7,5085.3,9.29K,0.57%
06-05-2022,5134.3,5093.6,5153.8,5090.5,5.86K,0.87%
09-05-2022,5095.9,5125.9,5138.6,5090.1,5.77K,-0.75%
10-05-2022,5058.6,5097.1,5111.8,5051.1,6.39K,-0.73%
11-05-2022,5082.2,5044.9,5088.8,5032.2,6.73K,0.47%
12-05-2022,5017.4,5093.9,5094.6,5014,7.24K,-1.28%
13-05-2022,4987.3,5006.7,5024.9,4967,7.46K,-0.60%
16-05-2022,5024.8,4993,5029.7,4957.2,5.43K,0.75%
17-05-2022,5017.3,5039.9,5058,5013,5.25K,-0.15%
18-05-2022,5021.8,5012,5036.6,4986.3,6.97K,0.09%
19-05-2022,5054.4,5028,5076,5005.8,6.35K,0.65%
20-05-2022,5082.9,5047.1,5086,5047.1,6.15K,0.56%
23-05-2022,5090.7,5089.7,5115.6,5080.8,4.25K,0.15%
24-05-2022,5115.7,5094,5124.6,5088,5.02K,0.49%
25-05-2022,5081.9,5110.9,5113.2,5070.5,6.20K,-0.66%
26-05-2022,5087.1,5084,5092,5058,5.01K,0.10%
27-05-2022,5091.3,5095.2,5106.6,5085,4.38K,0.08%
30-05-2022,5091.5,5097.4,5111.2,5090.1,1.23K,0.00%
31-05-2022,5085.5,5095.9,5118,5080,0.52K,-0.12%
01-06-2022,5078.8,5065.4,5090.3,5046.2,0.05K,-0.13%
02-06-2022,5125.5,5092.8,5135.9,5092.8,0.02K,0.92%
03-06-2022,5130.6,5130.6,5130.6,5130.6,0.00K,0.10%
06-06-2022,5087,5112.6,5113.3,5081.5,5.77K,-0.85%
07-06-2022,5096.8,5078.7,5107,5068.1,4.86K,0.19%
08-06-2022,5105.1,5090,5115.5,5085.1,4.55K,0.16%
09-06-2022,5100.5,5104.6,5113.5,5080.5,4.58K,-0.09%
10-06-2022,5170.1,5090,5179.7,5042,11.97K,1.36%
13-06-2022,5066.4,5153,5166,5055.1,9.02K,-2.01%
14-06-2022,5019.5,5053.7,5066.7,5015.1,6.59K,-0.93%
15-06-2022,5043.8,5026.1,5086.1,5021.1,7.08K,0.48%
16-06-2022,5098.6,5065,5109.2,5029.5,7.78K,1.09%
17-06-2022,5083.4,5097.7,5117.9,5081.5,5.17K,-0.30%
20-06-2022,5073.5,5098.5,5098.5,5071.3,2.75K,-0.19%
21-06-2022,5076,5082.7,5095,5065,4.65K,0.05%
22-06-2022,5090.4,5069.1,5114.6,5052.2,6.31K,0.28%
23-06-2022,5059.4,5080,5106,5056,7.22K,-0.61%
24-06-2022,5062.3,5054.9,5074.1,5041,4.98K,0.06%
27-06-2022,5064.9,5073,5098,5057.5,6.28K,0.05%
28-06-2022,5082.2,5060.4,5096,5060.4,5.10K,0.34%
29-06-2022,5072.9,5077.9,5114.6,5064,7.29K,-0.18%
30-06-2022,5051.7,5074,5099.1,5043.3,8.36K,-0.42%
01-07-2022,5191.7,5100,5203.2,5072.7,13.27K,2.77%
04-07-2022,5212.2,5205,5230,5200,4.39K,0.39%
05-07-2022,5130.2,5219.9,5227.9,5125,7.77K,-1.57%
06-07-2022,5050,5138.2,5152,5045,8.88K,-1.56%
07-07-2022,5062.1,5066.1,5083,5056.2,4.89K,0.24%
08-07-2022,5077.9,5067,5097.3,5036.6,5.56K,0.31%
11-07-2022,5064.4,5070.9,5086.9,5061.6,3.27K,-0.27%
12-07-2022,5045.7,5068,5079.4,5043.8,5.63K,-0.37%
13-07-2022,5080.2,5043.1,5094.6,5016,7.58K,0.68%
14-07-2022,5022.8,5072.5,5072.9,5006.7,7.11K,-1.13%
15-07-2022,5010.7,5026.2,5028,4995.7,6.19K,-0.24%
18-07-2022,5036.1,5015,5062,5015,5.35K,0.51%
19-07-2022,5032,5030,5048.9,5021.1,4.61K,-0.08%
20-07-2022,5022.5,5027.5,5046.5,5019.1,4.97K,-0.19%
21-07-2022,5037.5,5000,5048,4970.3,7.87K,0.30%
22-07-2022,5064.4,5038.5,5087,5031.5,5.03K,0.53%
25-07-2022,5053.6,5067.3,5079.3,5044.6,4.71K,-0.21%
26-07-2022,5058.4,5059.8,5070.5,5046.5,4.81K,0.09%
27-07-2022,5072,5056.8,5075.3,5050.5,4.91K,0.27%
28-07-2022,5130.4,5076,5139.1,5076,3.70K,1.15%
29-07-2022,5142.6,5149,5150.1,5115.9,2.09K,0.24%
01-08-2022,5126.3,5125,5148.9,5111.5,0.23K,-0.32%
02-08-2022,5131,5156.3,5158.4,5113.5,0.02K,0.09%
03-08-2022,5169.4,5130,5245,5117.1,0.01K,0.75%
04-08-2022,5200.9,5165.1,5311.3,5155,0.01K,0.61%
05-08-2022,5230.1,5220.1,5240.1,5220.1,0.00K,0.56%
08-08-2022,5228.8,5179.3,5233.3,5179.3,5.68K,-0.02%
09-08-2022,5248.9,5235,5260,5227.9,2.65K,0.38%
10-08-2022,5224.1,5245,5262,5220.7,5.87K,-0.47%
11-08-2022,5233.6,5214.4,5252,5201.4,4.92K,0.18%
12-08-2022,5258.5,5238.2,5261,5226.3,4.57K,0.48%
16-08-2022,5183.7,5226.5,5226.5,5177,6.95K,-1.42%
17-08-2022,5154.3,5184.3,5196.5,5147,5.88K,-0.57%
18-08-2022,5160.3,5164.4,5187,5156.5,4.43K,0.12%
19-08-2022,5147.9,5152.4,5167.1,5143.5,3.95K,-0.24%
22-08-2022,5116.3,5140.9,5140.9,5097.1,5.09K,-0.61%
23-08-2022,5141.7,5121.1,5152,5105.1,5.18K,0.50%
24-08-2022,5143.9,5135,5156.9,5129,3.79K,0.04%
25-08-2022,5170.2,5149.7,5184.6,5149.7,5.44K,0.51%
26-08-2022,5123.8,5163.6,5168.5,5112,6.79K,-0.90%
29-08-2022,5125,5110,5136.9,5083,5.73K,0.02%
30-08-2022,5073.7,5115.1,5116.4,5070.1,5.67K,-1.00%
31-08-2022,5041.4,5050,5066.1,5033.3,3.02K,-0.64%
01-09-2022,5007,5020.2,5029.3,4987.6,7.26K,-0.68%
02-09-2022,5036.8,5005,5058.7,5005,4.33K,0.60%
05-09-2022,5043.3,5041,5052.2,5040.4,2.94K,0.13%
06-09-2022,5028.1,5055.5,5069.3,5023,4.58K,-0.30%
07-09-2022,5050.6,5020.7,5053.5,5000.7,5.63K,0.45%
08-09-2022,5035.6,5047,5074.3,5020.1,5.42K,-0.30%
09-09-2022,5052.9,5038.6,5073.9,5035,5.42K,0.34%
12-09-2022,5063.1,5050.5,5078,5037.8,7.04K,0.20%
13-09-2022,5013.8,5052.5,5057.3,4997.2,9.98K,-0.97%
14-09-2022,5001.8,5006.9,5014.8,5000,5.42K,-0.24%
15-09-2022,4931.2,4994.2,4994.2,4917,8.70K,-1.41%
16-09-2022,4938,4922,4950.4,4895.1,7.55K,0.14%
19-09-2022,4930.2,4925.7,4941,4904.4,5.38K,-0.16%
20-09-2022,4917.5,4940,4945.7,4910,4.40K,-0.26%
21-09-2022,4944.3,4918.9,4956.9,4911.4,5.55K,0.54%
22-09-2022,5000,4931.4,5017.5,4931.4,8.73K,1.13%
23-09-2022,4940.1,5000.5,5005.7,4925,8.07K,-1.20%
26-09-2022,4915,4935,4968.8,4910.5,7.10K,-0.51%
27-09-2022,4931.9,4919,4949.9,4908.2,7.05K,0.34%
28-09-2022,4975,4916,4989,4898,4.72K,0.87%
29-09-2022,4999.4,4965,5013,4965,0.62K,0.49%
30-09-2022,5009.4,4997.1,5068.9,4993.5,0.12K,0.20%
03-10-2022,5016.5,5025,5025,5013,0.01K,0.14%
04-10-2022,5107,5100,5148,5080,0.01K,1.80%
05-10-2022,5169.2,5169.2,5169.2,5169.2,0,1.22%
06-10-2022,5197.2,5183.6,5209.3,5179,7.45K,0.54%
07-10-2022,5196,5190.4,5212,5163.7,7.68K,-0.02%
10-10-2022,5102.3,5168.5,5168.5,5090.1,10.82K,-1.80%
11-10-2022,5109.6,5091.5,5121.8,5071,7.87K,0.14%
12-10-2022,5090.5,5081.4,5104.9,5076.2,6.02K,-0.37%
13-10-2022,5088.4,5089.1,5116,5040,11.08K,-0.04%
14-10-2022,5026,5079.4,5097.4,5017.4,10.51K,-1.23%
17-10-2022,5047.3,5038.2,5074.7,5033.4,6.90K,0.42%
18-10-2022,5041.4,5036.4,5054.5,5031,6.46K,-0.12%
19-10-2022,5019.9,5039.7,5048,5006.9,7.78K,-0.43%
20-10-2022,5014.3,5010,5041,5006.5,7.14K,-0.11%
21-10-2022,5062.6,5006.9,5064.9,4980.8,12.24K,0.96%
24-10-2022,5058,5070,5070,5051.7,1.04K,-0.09%
25-10-2022,5063.3,5053,5081.6,5033.6,4.96K,0.10%
26-10-2022,5068.7,5086.7,5086.7,5061,2.24K,0.11%
27-10-2022,5073.7,5071.5,5087.5,5057.6,6.28K,0.10%
28-10-2022,5023,5076.5,5079.5,5016.5,7.89K,-1.00%
31-10-2022,5032.2,5026.6,5044.7,5016.1,4.80K,0.18%
01-11-2022,5050.2,5035.1,5069.8,5027.7,7.22K,0.36%
02-11-2022,5060.6,5056,5083.3,5053.5,5.83K,0.21%
03-11-2022,5018.4,5050,5050,5000,10.45K,-0.83%
04-11-2022,5086.6,5035,5090,5031,9.95K,1.36%
07-11-2022,5092.7,5086.2,5106,5083.1,4.57K,0.12%
08-11-2022,5163,5071,5168.5,5060.6,7.16K,1.38%
09-11-2022,5150.6,5145,5172.5,5131.5,6.33K,-0.24%
10-11-2022,5210.9,5154.1,5221,5148.1,7.83K,1.17%
11-11-2022,5233.4,5205,5253.4,5205,6.16K,0.43%
14-11-2022,5271.8,5231.8,5278.6,5230,5.64K,0.73%
15-11-2022,5274.5,5274.3,5305.1,5267.5,6.59K,0.05%
16-11-2022,5306.2,5299.2,5320,5294.2,5.88K,0.60%
17-11-2022,5284.3,5295,5299.3,5277.7,5.38K,-0.41%
18-11-2022,5258.8,5284.3,5299,5254.7,4.83K,-0.48%
21-11-2022,5229.2,5250.8,5259,5213.6,5.40K,-0.56%
22-11-2022,5228.9,5247.5,5249.5,5223.7,4.46K,-0.01%
23-11-2022,5245.1,5234.9,5247.5,5206.8,5.00K,0.31%
24-11-2022,5267.1,5250,5274.8,5250,3.25K,0.42%
25-11-2022,5254.4,5266.5,5275,5240.5,4.17K,-0.24%
28-11-2022,5217.3,5242.1,5269.6,5214.1,5.12K,-0.71%
29-11-2022,5230.8,5224.7,5259.5,5224.7,1.17K,0.26%
30-11-2022,5248,5250.9,5271,5238,0.16K,0.33%
01-12-2022,5323.8,5283.8,5346.2,5281.9,0.05K,1.44%
02-12-2022,5326.5,5333.7,5345.8,5318.4,0.02K,0.05%
05-12-2022,5356.6,5434.8,5434.8,5321.7,0.01K,0.57%
06-12-2022,5376,5356.1,5393.5,5351.3,4.66K,0.36%
07-12-2022,5398.7,5381,5403.3,5370.1,4.27K,0.42%
08-12-2022,5405.1,5399.9,5420.1,5393.7,3.48K,0.12%
09-12-2022,5429.5,5426.2,5440,5403,4.34K,0.45%
12-12-2022,5413.2,5410.9,5429.4,5406.1,4.27K,-0.30%
13-12-2022,5474.3,5413.2,5504.7,5413.2,6.17K,1.13%
14-12-2022,5467.4,5477,5489,5458,3.85K,-0.13%
15-12-2022,5410.7,5448.1,5448.1,5388.2,6.78K,-1.04%
16-12-2022,5430,5415.7,5441.4,5400.5,4.99K,0.36%
19-12-2022,5426,5435.4,5449,5418.2,4.05K,-0.07%
20-12-2022,5489.8,5442.9,5499.5,5435,8.12K,1.18%
21-12-2022,5507.1,5490,5522,5486.3,4.25K,0.32%
22-12-2022,5452.1,5506.9,5511.7,5444.5,5.74K,-1.00%
23-12-2022,5457.4,5451.7,5474.5,5444.1,3.38K,0.10%
26-12-2022,5467.7,5452.5,5474.8,5452,2.13K,0.19%
27-12-2022,5499.7,5476.4,5536.5,5469.2,5.26K,0.59%
28-12-2022,5476.1,5492.3,5495,5453,4.12K,-0.43%
29-12-2022,5497.1,5472,5501.8,5467.2,3.86K,0.38%
30-12-2022,5501.7,5497.5,5512.5,5486,4.36K,0.08%
02-01-2023,5517.8,5505.2,5520,5504,1.61K,0.29%
03-01-2023,5553,5528,5580,5528,5.42K,0.64%
04-01-2023,5576.7,5562,5601,5562,6.97K,0.43%
05-01-2023,5529,5579.4,5592,5505.1,6.42K,-0.86%
06-01-2023,5574.3,5538.2,5579,5529.1,5.06K,0.82%
09-01-2023,5586.4,5580,5617.5,5580,4.57K,0.22%
10-01-2023,5571.2,5592,5595,5564,3.76K,-0.27%
11-01-2023,5569.3,5581.9,5593,5552.2,5.19K,-0.03%
12-01-2023,5587.5,5579.2,5599,5561,5.52K,0.33%
13-01-2023,5632.4,5591.5,5637,5590,5.89K,0.80%
16-01-2023,5648.2,5646.7,5656.2,5633,3.95K,0.28%
17-01-2023,5635.2,5647.9,5652.1,5630.5,4.93K,-0.23%
18-01-2023,5628.6,5630.3,5655,5612.2,5.92K,-0.12%
19-01-2023,5654.6,5630.5,5658.8,5624.5,4.72K,0.46%
20-01-2023,5665.8,5664.1,5685,5656,4.92K,0.20%
23-01-2023,5681.5,5675.1,5692,5651.4,5.51K,0.28%
24-01-2023,5696.9,5698.6,5712.5,5677.5,6.28K,0.27%
25-01-2023,5696.2,5694,5702.1,5670.2,5.17K,-0.01%
27-01-2023,5685.7,5676,5698.5,5664,6.95K,-0.18%
30-01-2023,5678.2,5690,5714.9,5672,2.10K,-0.13%
31-01-2023,5724.2,5686,5727,5662,0.21K,0.81%
01-02-2023,5795.2,5715,5809.9,5710,0.08K,1.24%
02-02-2023,5811.4,5882.6,5882.6,5770,0.05K,0.28%
03-02-2023,5754.3,5786.5,5800,5680.1,0.04K,-0.98%
06-02-2023,5695.5,5663.8,5719.5,5663.8,5.47K,-1.02%
07-02-2023,5725.7,5700,5738,5695,7.13K,0.53%
08-02-2023,5721.5,5722,5738.4,5698.6,6.03K,-0.07%
09-02-2023,5685.2,5723.8,5741.9,5675,6.62K,-0.63%
10-02-2023,5674.1,5676,5686.5,5649.6,8.49K,-0.20%
13-02-2023,5649.7,5676.2,5692,5647,4.94K,-0.43%
14-02-2023,5675,5661.1,5699.9,5647.8,9.68K,0.45%
15-02-2023,5612.6,5666.6,5667.4,5607.8,8.24K,-1.10%
16-02-2023,5622.8,5622.5,5627.9,5591,6.84K,0.18%
17-02-2023,5625.7,5597.5,5628.7,5569.1,7.49K,0.05%
20-02-2023,5621.3,5620.9,5634.5,5618.8,3.30K,-0.08%
21-02-2023,5616.8,5619.1,5631,5600.3,5.38K,-0.08%
22-02-2023,5608.3,5616.9,5639.5,5602.7,4.42K,-0.15%
23-02-2023,5558.7,5595.4,5601,5551.1,6.62K,-0.88%
24-02-2023,5543.2,5570.7,5579,5538,5.41K,-0.28%
27-02-2023,5547.6,5539.7,5549.7,5529,4.26K,0.08%
28-02-2023,5575.6,5540.2,5579.8,5513.2,5.46K,0.50%
01-03-2023,5583,5576,5602,5562.7,4.58K,0.13%
02-03-2023,5573.9,5577.7,5592.5,5570.5,4.55K,-0.16%
03-03-2023,5572.1,5589.9,5589.9,5558,4.59K,-0.03%
06-03-2023,5576.9,5587.8,5598.2,5575.1,4.47K,0.09%
07-03-2023,5502.2,5570,5570,5500,4.56K,-1.34%
08-03-2023,5491.1,5493.5,5511.2,5485,4.24K,-0.20%
09-03-2023,5530.1,5485.5,5540.1,5477.1,5.79K,0.71%
10-03-2023,5615,5532.5,5619,5527,7.08K,1.54%
13-03-2023,5764.2,5666.7,5768,5635.3,10.61K,2.66%
14-03-2023,5748.3,5748.3,5773.8,5723.1,6.12K,-0.28%
15-03-2023,5833.6,5738,5866.1,5706.8,10.02K,1.48%
16-03-2023,5800.6,5795.5,5852.5,5784.5,7.27K,-0.57%
17-03-2023,5938.3,5826.9,5946.1,5814.3,7.74K,2.37%
20-03-2023,5950.6,5941.8,6045.5,5923.2,9.99K,0.21%
21-03-2023,5857.9,5959.4,5970.5,5853.4,8.27K,-1.56%
22-03-2023,5875.6,5856.3,5881,5846.2,5.17K,0.30%
23-03-2023,5956.5,5923.1,5961.8,5893,8.24K,1.38%
24-03-2023,5927.3,5949,5997.5,5919,7.93K,-0.49%
27-03-2023,5852.6,5930,5931,5840.5,7.51K,-1.26%
28-03-2023,5904.2,5871.8,5923.2,5850,5.06K,0.88%
29-03-2023,5894.1,5891.8,5907.4,5874.7,5.06K,-0.17%
30-03-2023,5931.6,5900,5940,5885,1.10K,0.64%
31-03-2023,5940.2,5942.5,5965,5931,0.44K,0.14%
03-04-2023,5971.6,5920,5990,5904,0.13K,0.53%
04-04-2023,6062,6139.9,6139.9,5961,0.05K,1.51%
05-04-2023,6076.1,6077.9,6082.2,6056.9,0.02K,0.23%
06-04-2023,6051.1,6067.9,6083.6,6033,5.74K,-0.41%
10-04-2023,6006.3,6040.2,6041.7,5991.2,4.68K,-0.74%
11-04-2023,6050.5,6017,6059.9,6017,3.99K,0.74%
12-04-2023,6062.8,6077.9,6107,6036,6.57K,0.20%
13-04-2023,6123.8,6073.1,6137.1,6069.3,5.93K,1.01%
14-04-2023,6032.9,6103.8,6117,6008.8,6.89K,-1.48%
17-04-2023,6018,6035.1,6062.5,5987.1,5.82K,-0.25%
18-04-2023,6048.8,6022.9,6065,6011.1,5.67K,0.51%
19-04-2023,6028.8,6044.8,6050.9,5965.3,9.61K,-0.33%
20-04-2023,6050.3,6024.5,6068.9,6015.7,5.64K,0.36%
21-04-2023,5984.5,6038.1,6047.6,5962.2,9.21K,-1.09%
24-04-2023,6000.1,5986.5,6003.3,5958.7,5.55K,0.26%
25-04-2023,6026.1,6003.3,6032,5970.9,6.87K,0.43%
26-04-2023,5989.3,6021,6042.8,5982.5,7.08K,-0.61%
27-04-2023,5990.1,6015,6029.9,5954.7,8.39K,0.01%
28-04-2023,5991.9,5985.3,6005,5962.5,5.35K,0.03%
01-05-2023,5976.4,5986.7,6032.8,5971.1,4.02K,-0.26%
02-05-2023,6062.8,5975.5,6077.1,5970,7.95K,1.45%
03-05-2023,6096.5,6074,6102.2,6053.5,4.44K,0.56%
04-05-2023,6149.3,6120,6184.5,6105.3,7.72K,0.87%
05-05-2023,6062.8,6156.6,6162.9,6025,8.69K,-1.41%
08-05-2023,6092.7,6078.3,6109,6077.1,4.04K,0.49%
09-05-2023,6141.9,6091,6146,6090.5,5.49K,0.81%
10-05-2023,6127,6127,6165.1,6097.6,7.21K,-0.24%
11-05-2023,6089.2,6127.9,6151.5,6082.5,8.45K,-0.62%
12-05-2023,6088.7,6079.5,6108,6052.5,6.36K,-0.01%
15-05-2023,6102.7,6091,6113.8,6082,4.38K,0.23%
16-05-2023,6024.4,6149.8,6149.8,6019,7.99K,-1.28%
17-05-2023,6014.5,6033.3,6044.5,5996,5.63K,-0.16%
18-05-2023,5972.3,6010,6015.3,5954,8.39K,-0.70%
19-05-2023,6037.9,5976.6,6049,5972.1,8.23K,1.10%
22-05-2023,6024.1,6024.5,6043,6011.1,5.59K,-0.23%
23-05-2023,6019.7,6000,6024.5,5973.9,8.76K,-0.07%
24-05-2023,5986,6019.6,6038.9,5972.5,7.56K,-0.56%
25-05-2023,5946,5970,5995.5,5936.3,8.44K,-0.67%
26-05-2023,5935.3,5954.2,5966,5922.5,5.02K,-0.18%
29-05-2023,5941.9,5940.6,5963.1,5926,4.78K,0.11%
30-05-2023,5994.6,5940.1,6006.4,5922.5,1.19K,0.89%
31-05-2023,6016.3,5994.6,6035,5984,0.15K,0.36%
01-06-2023,5991.9,6005.7,6027.1,5970,0.02K,-0.41%
02-06-2023,5977.3,6027.5,6035,5965,0.05K,-0.24%
05-06-2023,5949.3,5950,5954.9,5941.9,0.01K,-0.47%
06-06-2023,5998.5,5986.9,6007.4,5976.6,4.45K,0.83%
07-06-2023,5950.3,5997.7,6009.8,5940.1,8.48K,-0.80%
08-06-2023,5989.1,5952.8,6004.8,5942.5,6.93K,0.65%
09-06-2023,5982.1,5993.4,6011.6,5972.7,4.05K,-0.12%
12-06-2023,5964.1,5971.3,5992,5950.5,4.69K,-0.30%
13-06-2023,5921.8,5975.5,5988.5,5918.4,6.99K,-0.71%
14-06-2023,5929.8,5930.1,5946.5,5914.8,4.74K,0.14%
15-06-2023,5935.5,5921,5938.5,5866.1,9.14K,0.10%
16-06-2023,5935.4,5934,5955.5,5923.4,4.93K,0.00%
19-06-2023,5915.7,5927.2,5937,5911.5,2.83K,-0.33%
20-06-2023,5880.9,5922.2,5939.2,5866.3,6.17K,-0.59%
21-06-2023,5871.4,5882.4,5886.5,5837.5,4.93K,-0.16%
22-06-2023,5819.6,5861.3,5866.3,5815,5.56K,-0.88%
23-06-2023,5830.7,5813.6,5874,5809.6,6.15K,0.19%
26-06-2023,5841.2,5842.9,5867,5835.2,4.35K,0.18%
27-06-2023,5810.7,5849.3,5854.9,5806.9,5.63K,-0.52%
28-06-2023,5807.8,5817.6,5819.8,5788,4.73K,-0.05%
29-06-2023,5801.4,5800,5814,5765.1,4.16K,-0.11%
30-06-2023,5821.1,5798,5830.5,5779.2,5.78K,0.34%
03-07-2023,5827.7,5815.4,5848,5797.1,5.91K,0.11%
04-07-2023,5840.9,5827.5,5854.5,5826.5,3.84K,0.23%
05-07-2023,5847.3,5841,5877.9,5836.6,5.05K,0.11%
06-07-2023,5840.1,5863.8,5865,5812,7.09K,-0.12%
07-07-2023,5878.2,5837.4,5894.9,5833.1,6.15K,0.65%
10-07-2023,5868.9,5873.9,5873.9,5840.3,4.10K,-0.16%
11-07-2023,5877.3,5866.1,5890.9,5860,5.07K,0.14%
12-07-2023,5918.8,5890,5924.8,5872,6.73K,0.71%
13-07-2023,5923.9,5923,5937.5,5912.2,4.60K,0.09%
14-07-2023,5931.6,5926.4,5937.9,5914.1,4.51K,0.13%
17-07-2023,5913.5,5914.7,5926.9,5893.9,4.61K,-0.31%
18-07-2023,5976.3,5921.5,5991,5921.5,7.13K,1.06%
19-07-2023,5979,5976.5,5987.8,5958.7,4.55K,0.05%
20-07-2023,5955.2,5994.5,5998.4,5945.9,5.94K,-0.40%
21-07-2023,5930.9,5954.3,5958.7,5917.6,4.66K,-0.41%
24-07-2023,5907.6,5924.1,5932,5905.5,5.20K,-0.39%
25-07-2023,5918.9,5904.1,5926.5,5895,4.78K,0.19%
26-07-2023,5946.1,5921.4,5957.5,5919,4.43K,0.46%
27-07-2023,5895,5961,5968,5874,5.65K,-0.86%
28-07-2023,5942.7,5909.1,5945.5,5898.7,3.60K,0.81%
31-07-2023,5956.8,5939,5965,5917.6,0.91K,0.24%
01-08-2023,5893.9,5942.6,5952.4,5885.5,0.08K,-1.06%
02-08-2023,5912.7,5918.2,5949.9,5910,0.05K,0.32%
03-08-2023,5914.6,5984.3,5985.5,5885.1,0.04K,0.03%
04-08-2023,5919.7,5910,5939.9,5895.1,0.01K,0.09%
07-08-2023,5942,5955,5956.7,5931.3,4.89K,0.38%
08-08-2023,5924.8,5939,5947.4,5917.8,5.02K,-0.29%
09-08-2023,5897.3,5932.1,5936.1,5895.2,4.40K,-0.46%
10-08-2023,5885.3,5913,5914.6,5872.5,4.23K,-0.20%
11-08-2023,5890.6,5880,5903,5874,3.06K,0.09%
14-08-2023,5897.4,5890.4,5901.9,5881,2.97K,0.12%
16-08-2023,5868.1,5883.1,5890.3,5866.5,3.56K,-0.50%
17-08-2023,5829,5845.3,5868.9,5827.5,5.19K,-0.67%
18-08-2023,5837.5,5837,5858,5834,2.99K,0.15%
21-08-2023,5849,5842,5864,5828.1,4.86K,0.20%
22-08-2023,5857.4,5852.6,5867.4,5836.1,4.11K,0.14%
23-08-2023,5881.9,5860,5884.8,5850.6,4.19K,0.42%
24-08-2023,5881.1,5880,5889.5,5866.2,2.96K,-0.01%
25-08-2023,5864,5874.3,5887.5,5849.2,4.38K,-0.29%
28-08-2023,5888.7,5868.5,5900,5867.1,3.32K,0.42%
29-08-2023,5926.6,5894.9,5928.9,5884.3,4.64K,0.64%
30-08-2023,5947.8,5928.2,5955,5928.2,3.33K,0.36%
31-08-2023,5937.4,5949,5956.3,5935.1,3.31K,-0.17%
01-09-2023,5939.5,5929.6,5966.5,5927.1,5.46K,0.04%
04-09-2023,5939.3,5957,5957.4,5933,3.13K,0.00%
05-09-2023,5924.3,5934.7,5946,5920.7,2.74K,-0.25%
06-09-2023,5908.8,5916.5,5930,5901,3.00K,-0.26%
07-09-2023,5899.8,5904.3,5912.8,5897,2.70K,-0.15%
08-09-2023,5889.8,5914.6,5920.5,5886.4,3.55K,-0.17%
11-09-2023,5893,5893,5910,5888.8,3.33K,0.05%
12-09-2023,5862.6,5899.5,5899.5,5852,4.28K,-0.52%
13-09-2023,5859.3,5855,5869.5,5852.3,3.29K,-0.06%
14-09-2023,5858.8,5855,5862,5835.4,3.90K,-0.01%
15-09-2023,5899.3,5867.4,5914.8,5867.3,5.47K,0.69%
18-09-2023,5925.9,5891.3,5927.5,5891.3,3.44K,0.45%
19-09-2023,5928.2,5924,5938.8,5924,1.28K,0.04%
20-09-2023,5940.5,5922.2,5944.3,5910.9,4.72K,0.21%
21-09-2023,5882.2,5931.5,5931.5,5868.5,6.11K,-0.98%
22-09-2023,5894.6,5873,5898.6,5872.9,3.45K,0.21%
25-09-2023,5870.1,5888.4,5899.6,5867.6,5.16K,-0.42%
26-09-2023,5843.2,5861.6,5874.9,5840.4,5.34K,-0.46%
27-09-2023,5767.2,5845,5845,5762.2,7.06K,-1.30%
28-09-2023,5712.8,5763.1,5764.7,5702.6,2.21K,-0.94%
29-09-2023,5710.5,5738.2,5760.7,5709.6,0.59K,-0.04%
03-10-2023,5627.9,5620.9,5653.9,5615,0.02K,-1.45%
04-10-2023,5634.3,5623.7,5663.1,5622.5,0.02K,0.11%
05-10-2023,5615.8,5620,5621.3,5607.5,0.01K,-0.33%
06-10-2023,5687.1,5673.5,5691,5642.1,6.04K,1.27%
09-10-2023,5757.2,5700,5760.6,5700,5.34K,1.23%
10-10-2023,5762.9,5768.9,5774.4,5750.1,5.09K,0.10%
11-10-2023,5794,5761.9,5807.3,5760,5.16K,0.54%
12-10-2023,5791.8,5804.5,5823.5,5788.1,5.26K,-0.04%
13-10-2023,5940.8,5797,5943.9,5793.1,11.42K,2.57%
16-10-2023,5940.8,5920.9,5928,5888,4.80K,0.00%
17-10-2023,5921.8,5916.6,5947.8,5900,5.97K,-0.32%
18-10-2023,6007.3,5950,6025.9,5948,9.22K,1.44%
19-10-2023,6031.8,5972,6037.5,5972,7.26K,0.41%
20-10-2023,6073.6,6040.1,6112.4,6031.3,9.86K,0.69%
23-10-2023,6059.9,6040,6080.1,6040,4.93K,-0.23%
24-10-2023,6053.7,6018.4,6057.4,6012.5,3.46K,-0.10%
25-10-2023,6082.6,6047.8,6091.1,6027.7,7.20K,0.48%
26-10-2023,6095.2,6082.4,6107,6058.5,6.51K,0.21%
27-10-2023,6115.6,6091.5,6126.8,6069.3,6.35K,0.33%
30-10-2023,6128,6139.6,6139.6,6111,6.40K,0.20%
31-10-2023,6094,6111.7,6153.9,6090.5,7.11K,-0.55%
01-11-2023,6078.5,6082,6116.4,6066.1,5.38K,-0.25%
02-11-2023,6091.1,6089,6104.2,6075,3.23K,0.21%
03-11-2023,6102,6091.1,6133,6088.9,6.61K,0.18%
06-11-2023,6077,6084.7,6097.5,6073.2,3.60K,-0.41%
07-11-2023,6034.7,6059.6,6060.3,6015.1,6.50K,-0.70%
08-11-2023,6000.9,6039.6,6044.8,5995,4.15K,-0.56%
09-11-2023,6028.2,5990.3,6035.1,5976,6.30K,0.45%
10-11-2023,5965.9,6023.3,6026.9,5963.8,6.18K,-1.03%
12-11-2023,5977.5,5955.1,5977.9,5955.1,0.58K,0.19%
13-11-2023,5984.2,5969.9,5992,5949,4.22K,0.11%
14-11-2023,6006.5,5979.5,6032.9,5973.6,3.50K,0.37%
15-11-2023,6011.1,6016.6,6044.4,6001.5,4.95K,0.08%
16-11-2023,6072.2,6014.8,6191.4,6011,7.35K,1.02%
17-11-2023,6071.3,6068.6,6100,6063.3,4.10K,-0.01%
20-11-2023,6065.7,6071.9,6077.4,6035.6,4.46K,-0.09%
21-11-2023,6122.5,6080.5,6136,6080.5,6.29K,0.94%
22-11-2023,6102.4,6115.9,6136.6,6093.9,4.50K,-0.33%
23-11-2023,6107.2,6107.4,6118.4,6100.9,3.11K,0.08%
24-11-2023,6136.4,6107.2,6139,6105.6,3.57K,0.48%
27-11-2023,6154,6159.7,6169.1,6145.1,2.69K,0.29%
28-11-2023,6238.5,6161.9,6242.3,6148.5,4.61K,1.37%
29-11-2023,6260.5,6260.2,6267.5,6230,1.41K,0.35%
30-11-2023,6255.9,6259.4,6264.9,6242,0.09K,-0.07%
01-12-2023,6311.2,6251.2,6335.6,6246.4,0.04K,0.88%
04-12-2023,6259.9,6355,6388.1,6217.1,0.04K,-0.81%
05-12-2023,6260,6290,6446,6237.5,0.02K,0.00%
06-12-2023,6244,6225,6256.7,6220.1,4.51K,-0.26%
07-12-2023,6246.6,6241.4,6273.6,6222.2,4.50K,0.04%
08-12-2023,6171.9,6252.5,6257.9,6162.5,7.37K,-1.20%
11-12-2023,6111.7,6180,6186,6109.9,5.74K,-0.98%
12-12-2023,6118.1,6123.6,6158.3,6110.8,5.22K,0.10%
13-12-2023,6119.9,6119.6,6134,6100.1,4.19K,0.03%
14-12-2023,6245.4,6139.1,6288,6139.1,9.27K,2.05%
15-12-2023,6219.2,6255,6259.7,6205.5,5.13K,-0.42%
18-12-2023,6229.1,6219.3,6236.8,6195,4.01K,0.16%
19-12-2023,6247.6,6210,6267,6206.9,4.32K,0.30%
20-12-2023,6241.5,6253.3,6261,6230.9,4.29K,-0.10%
21-12-2023,6250.3,6241.2,6268,6236.9,3.85K,0.14%
22-12-2023,6295.4,6278.4,6327.7,6268.7,7.00K,0.72%
26-12-2023,6302.5,6314.9,6319.8,6290.3,3.02K,0.11%
27-12-2023,6367.8,6319.8,6371,6317.9,5.30K,1.04%
28-12-2023,6338.9,6372.8,6382.1,6333.3,4.00K,-0.45%
29-12-2023,6320.3,6324.6,6338.5,6305.1,4.28K,-0.29%
01-01-2024,6332,6322.5,6337.9,6318.1,0.66K,0.19%
02-01-2024,6325.7,6332.9,6365.3,6310.6,5.14K,-0.10%
03-01-2024,6250.7,6325.8,6334.5,6241.8,8.52K,-1.19%
04-01-2024,6264,6272.4,6282,6247.6,4.32K,0.21%
05-01-2024,6255.7,6263.1,6307.9,6216,8.02K,-0.13%
08-01-2024,6209.5,6251.1,6251.1,6192.5,6.64K,-0.74%
09-01-2024,6217.9,6214.9,6249,6211.4,5.08K,0.14%
10-01-2024,6199.6,6223,6239.9,6196.6,4.23K,-0.29%
11-01-2024,6178.8,6214.6,6247.7,6173.1,6.55K,-0.34%
12-01-2024,6236.2,6192.5,6269,6192.5,7.92K,0.93%
15-01-2024,6255.9,6250.2,6264.6,6245.1,3.28K,0.32%
16-01-2024,6201.5,6246.1,6252.1,6197.7,6.15K,-0.87%
17-01-2024,6150.5,6205.4,6209,6145.4,7.36K,-0.82%
18-01-2024,6176.9,6153.9,6180,6148.2,4.43K,0.43%
19-01-2024,6200.4,6187.6,6225.4,6184,4.48K,0.38%
22-01-2024,6186.8,6188,6204.9,6175.2,1.80K,-0.22%
23-01-2024,6196.8,6190.4,6222.4,6181.1,4.63K,0.16%
24-01-2024,6198.5,6199.4,6225.9,6185,5.22K,0.03%
25-01-2024,6196.4,6193.2,6214.3,6184,4.04K,-0.03%
29-01-2024,6218.6,6208,6229.9,6204.1,4.56K,0.36%
30-01-2024,6263.2,6217.4,6283.5,6217.4,1.56K,0.72%
31-01-2024,6295.8,6257.3,6303.9,6256,0.26K,0.52%
01-02-2024,6366.5,6288,6397.9,6266,0.11K,1.12%
02-02-2024,6315,6362.4,6362.4,6280,0.07K,-0.81%
05-02-2024,6333.8,6283.6,6504,6250.1,0.07K,0.30%
06-02-2024,6257.4,6226.1,6262.5,6222,3.42K,-1.21%
07-02-2024,6252.4,6251.5,6273,6240.1,3.52K,-0.08%
08-02-2024,6244.3,6243.6,6255.7,6218.2,4.72K,-0.13%
09-02-2024,6229.4,6246.4,6254.4,6217,3.27K,-0.24%
12-02-2024,6207.8,6224,6232.8,6192.6,3.68K,-0.35%
13-02-2024,6150.4,6217.3,6239.9,6140,6.87K,-0.92%
14-02-2024,6144.3,6139.3,6147.8,6119,3.33K,-0.10%
15-02-2024,6162.2,6140.7,6174.5,6128.4,3.88K,0.29%
16-02-2024,6187.8,6165.1,6190.4,6145.1,3.97K,0.42%
19-02-2024,6200.4,6197,6210.7,6190.3,2.12K,0.20%
20-02-2024,6216.7,6200.7,6225.8,6193.1,3.25K,0.26%
21-02-2024,6210.8,6221.1,6227.9,6205.2,2.00K,-0.09%
22-02-2024,6197.7,6215.5,6230.8,6195.1,3.22K,-0.21%
23-02-2024,6234.5,6210.8,6238.8,6187.7,4.83K,0.59%
26-02-2024,6214.9,6232.7,6234,6205,2.87K,-0.31%
27-02-2024,6230.1,6220,6238.5,6218,3.23K,0.24%
28-02-2024,6224.9,6221.5,6236,6207.7,3.09K,-0.08%
29-02-2024,6256.7,6227,6268.8,6211.8,4.86K,0.51%
01-03-2024,6356.3,6256.7,6361.1,6240.3,9.44K,1.59%
04-03-2024,6446.2,6340.1,6457.5,6340.1,7.55K,1.41%
05-03-2024,6484.5,6433.1,6514,6433.1,7.94K,0.59%
06-03-2024,6517.8,6470.2,6525,6467.9,5.46K,0.51%
07-03-2024,6540.6,6520.5,6558.7,6518,5.99K,0.35%
08-03-2024,6602.3,6559.9,6635.6,6541.6,6.29K,0.94%
11-03-2024,6603.5,6602.3,6618.2,6590,3.77K,0.02%
12-03-2024,6548.1,6593.2,6604.4,6538.2,7.25K,-0.84%
13-03-2024,6589.7,6552,6603,6545,4.04K,0.64%
14-03-2024,6559.5,6580,6584.3,6543.4,3.78K,-0.46%
15-03-2024,6554.2,6565.9,6589.7,6551,5.14K,-0.08%
18-03-2024,6560.8,6534.8,6570,6518,4.00K,0.10%
19-03-2024,6558.3,6560.9,6571.9,6537.5,4.34K,-0.04%
20-03-2024,6575,6559.9,6585.6,6554,4.79K,0.25%
21-03-2024,6618.9,6610,6694.3,6585.2,8.74K,0.67%
22-03-2024,6585.8,6605.7,6630.1,6581,6.61K,-0.50%
25-03-2024,6602.2,6585.8,6624.2,6585.8,2.27K,0.25%
26-03-2024,6611.4,6594.9,6643.9,6588,5.98K,0.14%
27-03-2024,6636.7,6619.8,6649.9,6601.8,4.70K,0.38%
28-03-2024,6767.7,6649.7,6785,6642.8,6.59K,1.97%
